WIDTH=14;
DEPTH=16384;

ADDRESS_RADIX=UNS;
DATA_RADIX=HEX;

CONTENT BEGIN
    0 : 2000;
    1 : 2003;
    2 : 2006;
    3 : 2009;
    4 : 200c;
    5 : 200f;
    6 : 2012;
    7 : 2015;
    8 : 2019;
    9 : 201c;
    10 : 201f;
    11 : 2022;
    12 : 2025;
    13 : 2028;
    14 : 202b;
    15 : 202f;
    16 : 2032;
    17 : 2035;
    18 : 2038;
    19 : 203b;
    20 : 203e;
    21 : 2041;
    22 : 2045;
    23 : 2048;
    24 : 204b;
    25 : 204e;
    26 : 2051;
    27 : 2054;
    28 : 2057;
    29 : 205b;
    30 : 205e;
    31 : 2061;
    32 : 2064;
    33 : 2067;
    34 : 206a;
    35 : 206d;
    36 : 2071;
    37 : 2074;
    38 : 2077;
    39 : 207a;
    40 : 207d;
    41 : 2080;
    42 : 2083;
    43 : 2087;
    44 : 208a;
    45 : 208d;
    46 : 2090;
    47 : 2093;
    48 : 2096;
    49 : 2099;
    50 : 209d;
    51 : 20a0;
    52 : 20a3;
    53 : 20a6;
    54 : 20a9;
    55 : 20ac;
    56 : 20af;
    57 : 20b3;
    58 : 20b6;
    59 : 20b9;
    60 : 20bc;
    61 : 20bf;
    62 : 20c2;
    63 : 20c5;
    64 : 20c9;
    65 : 20cc;
    66 : 20cf;
    67 : 20d2;
    68 : 20d5;
    69 : 20d8;
    70 : 20db;
    71 : 20df;
    72 : 20e2;
    73 : 20e5;
    74 : 20e8;
    75 : 20eb;
    76 : 20ee;
    77 : 20f1;
    78 : 20f4;
    79 : 20f8;
    80 : 20fb;
    81 : 20fe;
    82 : 2101;
    83 : 2104;
    84 : 2107;
    85 : 210a;
    86 : 210e;
    87 : 2111;
    88 : 2114;
    89 : 2117;
    90 : 211a;
    91 : 211d;
    92 : 2120;
    93 : 2124;
    94 : 2127;
    95 : 212a;
    96 : 212d;
    97 : 2130;
    98 : 2133;
    99 : 2136;
    100 : 213a;
    101 : 213d;
    102 : 2140;
    103 : 2143;
    104 : 2146;
    105 : 2149;
    106 : 214c;
    107 : 2150;
    108 : 2153;
    109 : 2156;
    110 : 2159;
    111 : 215c;
    112 : 215f;
    113 : 2162;
    114 : 2166;
    115 : 2169;
    116 : 216c;
    117 : 216f;
    118 : 2172;
    119 : 2175;
    120 : 2178;
    121 : 217b;
    122 : 217f;
    123 : 2182;
    124 : 2185;
    125 : 2188;
    126 : 218b;
    127 : 218e;
    128 : 2191;
    129 : 2195;
    130 : 2198;
    131 : 219b;
    132 : 219e;
    133 : 21a1;
    134 : 21a4;
    135 : 21a7;
    136 : 21ab;
    137 : 21ae;
    138 : 21b1;
    139 : 21b4;
    140 : 21b7;
    141 : 21ba;
    142 : 21bd;
    143 : 21c0;
    144 : 21c4;
    145 : 21c7;
    146 : 21ca;
    147 : 21cd;
    148 : 21d0;
    149 : 21d3;
    150 : 21d6;
    151 : 21da;
    152 : 21dd;
    153 : 21e0;
    154 : 21e3;
    155 : 21e6;
    156 : 21e9;
    157 : 21ec;
    158 : 21f0;
    159 : 21f3;
    160 : 21f6;
    161 : 21f9;
    162 : 21fc;
    163 : 21ff;
    164 : 2202;
    165 : 2205;
    166 : 2209;
    167 : 220c;
    168 : 220f;
    169 : 2212;
    170 : 2215;
    171 : 2218;
    172 : 221b;
    173 : 221f;
    174 : 2222;
    175 : 2225;
    176 : 2228;
    177 : 222b;
    178 : 222e;
    179 : 2231;
    180 : 2235;
    181 : 2238;
    182 : 223b;
    183 : 223e;
    184 : 2241;
    185 : 2244;
    186 : 2247;
    187 : 224a;
    188 : 224e;
    189 : 2251;
    190 : 2254;
    191 : 2257;
    192 : 225a;
    193 : 225d;
    194 : 2260;
    195 : 2264;
    196 : 2267;
    197 : 226a;
    198 : 226d;
    199 : 2270;
    200 : 2273;
    201 : 2276;
    202 : 2279;
    203 : 227d;
    204 : 2280;
    205 : 2283;
    206 : 2286;
    207 : 2289;
    208 : 228c;
    209 : 228f;
    210 : 2292;
    211 : 2296;
    212 : 2299;
    213 : 229c;
    214 : 229f;
    215 : 22a2;
    216 : 22a5;
    217 : 22a8;
    218 : 22ac;
    219 : 22af;
    220 : 22b2;
    221 : 22b5;
    222 : 22b8;
    223 : 22bb;
    224 : 22be;
    225 : 22c1;
    226 : 22c5;
    227 : 22c8;
    228 : 22cb;
    229 : 22ce;
    230 : 22d1;
    231 : 22d4;
    232 : 22d7;
    233 : 22da;
    234 : 22de;
    235 : 22e1;
    236 : 22e4;
    237 : 22e7;
    238 : 22ea;
    239 : 22ed;
    240 : 22f0;
    241 : 22f4;
    242 : 22f7;
    243 : 22fa;
    244 : 22fd;
    245 : 2300;
    246 : 2303;
    247 : 2306;
    248 : 2309;
    249 : 230d;
    250 : 2310;
    251 : 2313;
    252 : 2316;
    253 : 2319;
    254 : 231c;
    255 : 231f;
    256 : 2322;
    257 : 2326;
    258 : 2329;
    259 : 232c;
    260 : 232f;
    261 : 2332;
    262 : 2335;
    263 : 2338;
    264 : 233b;
    265 : 233f;
    266 : 2342;
    267 : 2345;
    268 : 2348;
    269 : 234b;
    270 : 234e;
    271 : 2351;
    272 : 2354;
    273 : 2358;
    274 : 235b;
    275 : 235e;
    276 : 2361;
    277 : 2364;
    278 : 2367;
    279 : 236a;
    280 : 236d;
    281 : 2371;
    282 : 2374;
    283 : 2377;
    284 : 237a;
    285 : 237d;
    286 : 2380;
    287 : 2383;
    288 : 2386;
    289 : 238a;
    290 : 238d;
    291 : 2390;
    292 : 2393;
    293 : 2396;
    294 : 2399;
    295 : 239c;
    296 : 239f;
    297 : 23a2;
    298 : 23a6;
    299 : 23a9;
    300 : 23ac;
    301 : 23af;
    302 : 23b2;
    303 : 23b5;
    304 : 23b8;
    305 : 23bb;
    306 : 23bf;
    307 : 23c2;
    308 : 23c5;
    309 : 23c8;
    310 : 23cb;
    311 : 23ce;
    312 : 23d1;
    313 : 23d4;
    314 : 23d8;
    315 : 23db;
    316 : 23de;
    317 : 23e1;
    318 : 23e4;
    319 : 23e7;
    320 : 23ea;
    321 : 23ed;
    322 : 23f0;
    323 : 23f4;
    324 : 23f7;
    325 : 23fa;
    326 : 23fd;
    327 : 2400;
    328 : 2403;
    329 : 2406;
    330 : 2409;
    331 : 240d;
    332 : 2410;
    333 : 2413;
    334 : 2416;
    335 : 2419;
    336 : 241c;
    337 : 241f;
    338 : 2422;
    339 : 2425;
    340 : 2429;
    341 : 242c;
    342 : 242f;
    343 : 2432;
    344 : 2435;
    345 : 2438;
    346 : 243b;
    347 : 243e;
    348 : 2441;
    349 : 2445;
    350 : 2448;
    351 : 244b;
    352 : 244e;
    353 : 2451;
    354 : 2454;
    355 : 2457;
    356 : 245a;
    357 : 245d;
    358 : 2461;
    359 : 2464;
    360 : 2467;
    361 : 246a;
    362 : 246d;
    363 : 2470;
    364 : 2473;
    365 : 2476;
    366 : 2479;
    367 : 247d;
    368 : 2480;
    369 : 2483;
    370 : 2486;
    371 : 2489;
    372 : 248c;
    373 : 248f;
    374 : 2492;
    375 : 2495;
    376 : 2499;
    377 : 249c;
    378 : 249f;
    379 : 24a2;
    380 : 24a5;
    381 : 24a8;
    382 : 24ab;
    383 : 24ae;
    384 : 24b1;
    385 : 24b5;
    386 : 24b8;
    387 : 24bb;
    388 : 24be;
    389 : 24c1;
    390 : 24c4;
    391 : 24c7;
    392 : 24ca;
    393 : 24cd;
    394 : 24d1;
    395 : 24d4;
    396 : 24d7;
    397 : 24da;
    398 : 24dd;
    399 : 24e0;
    400 : 24e3;
    401 : 24e6;
    402 : 24e9;
    403 : 24ec;
    404 : 24f0;
    405 : 24f3;
    406 : 24f6;
    407 : 24f9;
    408 : 24fc;
    409 : 24ff;
    410 : 2502;
    411 : 2505;
    412 : 2508;
    413 : 250b;
    414 : 250f;
    415 : 2512;
    416 : 2515;
    417 : 2518;
    418 : 251b;
    419 : 251e;
    420 : 2521;
    421 : 2524;
    422 : 2527;
    423 : 252a;
    424 : 252e;
    425 : 2531;
    426 : 2534;
    427 : 2537;
    428 : 253a;
    429 : 253d;
    430 : 2540;
    431 : 2543;
    432 : 2546;
    433 : 2549;
    434 : 254d;
    435 : 2550;
    436 : 2553;
    437 : 2556;
    438 : 2559;
    439 : 255c;
    440 : 255f;
    441 : 2562;
    442 : 2565;
    443 : 2568;
    444 : 256c;
    445 : 256f;
    446 : 2572;
    447 : 2575;
    448 : 2578;
    449 : 257b;
    450 : 257e;
    451 : 2581;
    452 : 2584;
    453 : 2587;
    454 : 258b;
    455 : 258e;
    456 : 2591;
    457 : 2594;
    458 : 2597;
    459 : 259a;
    460 : 259d;
    461 : 25a0;
    462 : 25a3;
    463 : 25a6;
    464 : 25a9;
    465 : 25ad;
    466 : 25b0;
    467 : 25b3;
    468 : 25b6;
    469 : 25b9;
    470 : 25bc;
    471 : 25bf;
    472 : 25c2;
    473 : 25c5;
    474 : 25c8;
    475 : 25cb;
    476 : 25cf;
    477 : 25d2;
    478 : 25d5;
    479 : 25d8;
    480 : 25db;
    481 : 25de;
    482 : 25e1;
    483 : 25e4;
    484 : 25e7;
    485 : 25ea;
    486 : 25ed;
    487 : 25f0;
    488 : 25f4;
    489 : 25f7;
    490 : 25fa;
    491 : 25fd;
    492 : 2600;
    493 : 2603;
    494 : 2606;
    495 : 2609;
    496 : 260c;
    497 : 260f;
    498 : 2612;
    499 : 2616;
    500 : 2619;
    501 : 261c;
    502 : 261f;
    503 : 2622;
    504 : 2625;
    505 : 2628;
    506 : 262b;
    507 : 262e;
    508 : 2631;
    509 : 2634;
    510 : 2637;
    511 : 263b;
    512 : 263e;
    513 : 2641;
    514 : 2644;
    515 : 2647;
    516 : 264a;
    517 : 264d;
    518 : 2650;
    519 : 2653;
    520 : 2656;
    521 : 2659;
    522 : 265c;
    523 : 265f;
    524 : 2663;
    525 : 2666;
    526 : 2669;
    527 : 266c;
    528 : 266f;
    529 : 2672;
    530 : 2675;
    531 : 2678;
    532 : 267b;
    533 : 267e;
    534 : 2681;
    535 : 2684;
    536 : 2687;
    537 : 268b;
    538 : 268e;
    539 : 2691;
    540 : 2694;
    541 : 2697;
    542 : 269a;
    543 : 269d;
    544 : 26a0;
    545 : 26a3;
    546 : 26a6;
    547 : 26a9;
    548 : 26ac;
    549 : 26af;
    550 : 26b2;
    551 : 26b6;
    552 : 26b9;
    553 : 26bc;
    554 : 26bf;
    555 : 26c2;
    556 : 26c5;
    557 : 26c8;
    558 : 26cb;
    559 : 26ce;
    560 : 26d1;
    561 : 26d4;
    562 : 26d7;
    563 : 26da;
    564 : 26dd;
    565 : 26e1;
    566 : 26e4;
    567 : 26e7;
    568 : 26ea;
    569 : 26ed;
    570 : 26f0;
    571 : 26f3;
    572 : 26f6;
    573 : 26f9;
    574 : 26fc;
    575 : 26ff;
    576 : 2702;
    577 : 2705;
    578 : 2708;
    579 : 270b;
    580 : 270f;
    581 : 2712;
    582 : 2715;
    583 : 2718;
    584 : 271b;
    585 : 271e;
    586 : 2721;
    587 : 2724;
    588 : 2727;
    589 : 272a;
    590 : 272d;
    591 : 2730;
    592 : 2733;
    593 : 2736;
    594 : 2739;
    595 : 273c;
    596 : 2740;
    597 : 2743;
    598 : 2746;
    599 : 2749;
    600 : 274c;
    601 : 274f;
    602 : 2752;
    603 : 2755;
    604 : 2758;
    605 : 275b;
    606 : 275e;
    607 : 2761;
    608 : 2764;
    609 : 2767;
    610 : 276a;
    611 : 276d;
    612 : 2770;
    613 : 2773;
    614 : 2777;
    615 : 277a;
    616 : 277d;
    617 : 2780;
    618 : 2783;
    619 : 2786;
    620 : 2789;
    621 : 278c;
    622 : 278f;
    623 : 2792;
    624 : 2795;
    625 : 2798;
    626 : 279b;
    627 : 279e;
    628 : 27a1;
    629 : 27a4;
    630 : 27a7;
    631 : 27aa;
    632 : 27ad;
    633 : 27b1;
    634 : 27b4;
    635 : 27b7;
    636 : 27ba;
    637 : 27bd;
    638 : 27c0;
    639 : 27c3;
    640 : 27c6;
    641 : 27c9;
    642 : 27cc;
    643 : 27cf;
    644 : 27d2;
    645 : 27d5;
    646 : 27d8;
    647 : 27db;
    648 : 27de;
    649 : 27e1;
    650 : 27e4;
    651 : 27e7;
    652 : 27ea;
    653 : 27ed;
    654 : 27f1;
    655 : 27f4;
    656 : 27f7;
    657 : 27fa;
    658 : 27fd;
    659 : 2800;
    660 : 2803;
    661 : 2806;
    662 : 2809;
    663 : 280c;
    664 : 280f;
    665 : 2812;
    666 : 2815;
    667 : 2818;
    668 : 281b;
    669 : 281e;
    670 : 2821;
    671 : 2824;
    672 : 2827;
    673 : 282a;
    674 : 282d;
    675 : 2830;
    676 : 2833;
    677 : 2836;
    678 : 2839;
    679 : 283c;
    680 : 2840;
    681 : 2843;
    682 : 2846;
    683 : 2849;
    684 : 284c;
    685 : 284f;
    686 : 2852;
    687 : 2855;
    688 : 2858;
    689 : 285b;
    690 : 285e;
    691 : 2861;
    692 : 2864;
    693 : 2867;
    694 : 286a;
    695 : 286d;
    696 : 2870;
    697 : 2873;
    698 : 2876;
    699 : 2879;
    700 : 287c;
    701 : 287f;
    702 : 2882;
    703 : 2885;
    704 : 2888;
    705 : 288b;
    706 : 288e;
    707 : 2891;
    708 : 2894;
    709 : 2897;
    710 : 289a;
    711 : 289d;
    712 : 28a0;
    713 : 28a4;
    714 : 28a7;
    715 : 28aa;
    716 : 28ad;
    717 : 28b0;
    718 : 28b3;
    719 : 28b6;
    720 : 28b9;
    721 : 28bc;
    722 : 28bf;
    723 : 28c2;
    724 : 28c5;
    725 : 28c8;
    726 : 28cb;
    727 : 28ce;
    728 : 28d1;
    729 : 28d4;
    730 : 28d7;
    731 : 28da;
    732 : 28dd;
    733 : 28e0;
    734 : 28e3;
    735 : 28e6;
    736 : 28e9;
    737 : 28ec;
    738 : 28ef;
    739 : 28f2;
    740 : 28f5;
    741 : 28f8;
    742 : 28fb;
    743 : 28fe;
    744 : 2901;
    745 : 2904;
    746 : 2907;
    747 : 290a;
    748 : 290d;
    749 : 2910;
    750 : 2913;
    751 : 2916;
    752 : 2919;
    753 : 291c;
    754 : 291f;
    755 : 2922;
    756 : 2925;
    757 : 2928;
    758 : 292b;
    759 : 292e;
    760 : 2931;
    761 : 2934;
    762 : 2937;
    763 : 293a;
    764 : 293d;
    765 : 2940;
    766 : 2943;
    767 : 2946;
    768 : 2949;
    769 : 294c;
    770 : 294f;
    771 : 2952;
    772 : 2955;
    773 : 2958;
    774 : 295b;
    775 : 295e;
    776 : 2961;
    777 : 2964;
    778 : 2967;
    779 : 296a;
    780 : 296d;
    781 : 2970;
    782 : 2973;
    783 : 2976;
    784 : 2979;
    785 : 297c;
    786 : 297f;
    787 : 2982;
    788 : 2985;
    789 : 2988;
    790 : 298b;
    791 : 298e;
    792 : 2991;
    793 : 2994;
    794 : 2997;
    795 : 299a;
    796 : 299d;
    797 : 29a0;
    798 : 29a3;
    799 : 29a6;
    800 : 29a9;
    801 : 29ac;
    802 : 29af;
    803 : 29b2;
    804 : 29b5;
    805 : 29b8;
    806 : 29bb;
    807 : 29be;
    808 : 29c1;
    809 : 29c4;
    810 : 29c7;
    811 : 29ca;
    812 : 29cd;
    813 : 29d0;
    814 : 29d3;
    815 : 29d6;
    816 : 29d9;
    817 : 29dc;
    818 : 29df;
    819 : 29e2;
    820 : 29e5;
    821 : 29e8;
    822 : 29eb;
    823 : 29ee;
    824 : 29f1;
    825 : 29f4;
    826 : 29f7;
    827 : 29fa;
    828 : 29fd;
    829 : 2a00;
    830 : 2a03;
    831 : 2a06;
    832 : 2a09;
    833 : 2a0c;
    834 : 2a0f;
    835 : 2a12;
    836 : 2a15;
    837 : 2a18;
    838 : 2a1b;
    839 : 2a1e;
    840 : 2a21;
    841 : 2a24;
    842 : 2a27;
    843 : 2a2a;
    844 : 2a2d;
    845 : 2a30;
    846 : 2a33;
    847 : 2a36;
    848 : 2a39;
    849 : 2a3c;
    850 : 2a3f;
    851 : 2a42;
    852 : 2a45;
    853 : 2a48;
    854 : 2a4b;
    855 : 2a4e;
    856 : 2a51;
    857 : 2a53;
    858 : 2a56;
    859 : 2a59;
    860 : 2a5c;
    861 : 2a5f;
    862 : 2a62;
    863 : 2a65;
    864 : 2a68;
    865 : 2a6b;
    866 : 2a6e;
    867 : 2a71;
    868 : 2a74;
    869 : 2a77;
    870 : 2a7a;
    871 : 2a7d;
    872 : 2a80;
    873 : 2a83;
    874 : 2a86;
    875 : 2a89;
    876 : 2a8c;
    877 : 2a8f;
    878 : 2a92;
    879 : 2a95;
    880 : 2a98;
    881 : 2a9b;
    882 : 2a9e;
    883 : 2aa1;
    884 : 2aa4;
    885 : 2aa7;
    886 : 2aaa;
    887 : 2aac;
    888 : 2aaf;
    889 : 2ab2;
    890 : 2ab5;
    891 : 2ab8;
    892 : 2abb;
    893 : 2abe;
    894 : 2ac1;
    895 : 2ac4;
    896 : 2ac7;
    897 : 2aca;
    898 : 2acd;
    899 : 2ad0;
    900 : 2ad3;
    901 : 2ad6;
    902 : 2ad9;
    903 : 2adc;
    904 : 2adf;
    905 : 2ae2;
    906 : 2ae5;
    907 : 2ae8;
    908 : 2aeb;
    909 : 2aee;
    910 : 2af1;
    911 : 2af3;
    912 : 2af6;
    913 : 2af9;
    914 : 2afc;
    915 : 2aff;
    916 : 2b02;
    917 : 2b05;
    918 : 2b08;
    919 : 2b0b;
    920 : 2b0e;
    921 : 2b11;
    922 : 2b14;
    923 : 2b17;
    924 : 2b1a;
    925 : 2b1d;
    926 : 2b20;
    927 : 2b23;
    928 : 2b26;
    929 : 2b29;
    930 : 2b2b;
    931 : 2b2e;
    932 : 2b31;
    933 : 2b34;
    934 : 2b37;
    935 : 2b3a;
    936 : 2b3d;
    937 : 2b40;
    938 : 2b43;
    939 : 2b46;
    940 : 2b49;
    941 : 2b4c;
    942 : 2b4f;
    943 : 2b52;
    944 : 2b55;
    945 : 2b58;
    946 : 2b5b;
    947 : 2b5d;
    948 : 2b60;
    949 : 2b63;
    950 : 2b66;
    951 : 2b69;
    952 : 2b6c;
    953 : 2b6f;
    954 : 2b72;
    955 : 2b75;
    956 : 2b78;
    957 : 2b7b;
    958 : 2b7e;
    959 : 2b81;
    960 : 2b84;
    961 : 2b87;
    962 : 2b89;
    963 : 2b8c;
    964 : 2b8f;
    965 : 2b92;
    966 : 2b95;
    967 : 2b98;
    968 : 2b9b;
    969 : 2b9e;
    970 : 2ba1;
    971 : 2ba4;
    972 : 2ba7;
    973 : 2baa;
    974 : 2bad;
    975 : 2baf;
    976 : 2bb2;
    977 : 2bb5;
    978 : 2bb8;
    979 : 2bbb;
    980 : 2bbe;
    981 : 2bc1;
    982 : 2bc4;
    983 : 2bc7;
    984 : 2bca;
    985 : 2bcd;
    986 : 2bd0;
    987 : 2bd3;
    988 : 2bd5;
    989 : 2bd8;
    990 : 2bdb;
    991 : 2bde;
    992 : 2be1;
    993 : 2be4;
    994 : 2be7;
    995 : 2bea;
    996 : 2bed;
    997 : 2bf0;
    998 : 2bf3;
    999 : 2bf6;
    1000 : 2bf8;
    1001 : 2bfb;
    1002 : 2bfe;
    1003 : 2c01;
    1004 : 2c04;
    1005 : 2c07;
    1006 : 2c0a;
    1007 : 2c0d;
    1008 : 2c10;
    1009 : 2c13;
    1010 : 2c16;
    1011 : 2c18;
    1012 : 2c1b;
    1013 : 2c1e;
    1014 : 2c21;
    1015 : 2c24;
    1016 : 2c27;
    1017 : 2c2a;
    1018 : 2c2d;
    1019 : 2c30;
    1020 : 2c33;
    1021 : 2c36;
    1022 : 2c38;
    1023 : 2c3b;
    1024 : 2c3e;
    1025 : 2c41;
    1026 : 2c44;
    1027 : 2c47;
    1028 : 2c4a;
    1029 : 2c4d;
    1030 : 2c50;
    1031 : 2c53;
    1032 : 2c55;
    1033 : 2c58;
    1034 : 2c5b;
    1035 : 2c5e;
    1036 : 2c61;
    1037 : 2c64;
    1038 : 2c67;
    1039 : 2c6a;
    1040 : 2c6d;
    1041 : 2c70;
    1042 : 2c72;
    1043 : 2c75;
    1044 : 2c78;
    1045 : 2c7b;
    1046 : 2c7e;
    1047 : 2c81;
    1048 : 2c84;
    1049 : 2c87;
    1050 : 2c8a;
    1051 : 2c8c;
    1052 : 2c8f;
    1053 : 2c92;
    1054 : 2c95;
    1055 : 2c98;
    1056 : 2c9b;
    1057 : 2c9e;
    1058 : 2ca1;
    1059 : 2ca4;
    1060 : 2ca6;
    1061 : 2ca9;
    1062 : 2cac;
    1063 : 2caf;
    1064 : 2cb2;
    1065 : 2cb5;
    1066 : 2cb8;
    1067 : 2cbb;
    1068 : 2cbd;
    1069 : 2cc0;
    1070 : 2cc3;
    1071 : 2cc6;
    1072 : 2cc9;
    1073 : 2ccc;
    1074 : 2ccf;
    1075 : 2cd2;
    1076 : 2cd5;
    1077 : 2cd7;
    1078 : 2cda;
    1079 : 2cdd;
    1080 : 2ce0;
    1081 : 2ce3;
    1082 : 2ce6;
    1083 : 2ce9;
    1084 : 2cec;
    1085 : 2cee;
    1086 : 2cf1;
    1087 : 2cf4;
    1088 : 2cf7;
    1089 : 2cfa;
    1090 : 2cfd;
    1091 : 2d00;
    1092 : 2d03;
    1093 : 2d05;
    1094 : 2d08;
    1095 : 2d0b;
    1096 : 2d0e;
    1097 : 2d11;
    1098 : 2d14;
    1099 : 2d17;
    1100 : 2d19;
    1101 : 2d1c;
    1102 : 2d1f;
    1103 : 2d22;
    1104 : 2d25;
    1105 : 2d28;
    1106 : 2d2b;
    1107 : 2d2e;
    1108 : 2d30;
    1109 : 2d33;
    1110 : 2d36;
    1111 : 2d39;
    1112 : 2d3c;
    1113 : 2d3f;
    1114 : 2d42;
    1115 : 2d44;
    1116 : 2d47;
    1117 : 2d4a;
    1118 : 2d4d;
    1119 : 2d50;
    1120 : 2d53;
    1121 : 2d56;
    1122 : 2d58;
    1123 : 2d5b;
    1124 : 2d5e;
    1125 : 2d61;
    1126 : 2d64;
    1127 : 2d67;
    1128 : 2d6a;
    1129 : 2d6c;
    1130 : 2d6f;
    1131 : 2d72;
    1132 : 2d75;
    1133 : 2d78;
    1134 : 2d7b;
    1135 : 2d7d;
    1136 : 2d80;
    1137 : 2d83;
    1138 : 2d86;
    1139 : 2d89;
    1140 : 2d8c;
    1141 : 2d8f;
    1142 : 2d91;
    1143 : 2d94;
    1144 : 2d97;
    1145 : 2d9a;
    1146 : 2d9d;
    1147 : 2da0;
    1148 : 2da2;
    1149 : 2da5;
    1150 : 2da8;
    1151 : 2dab;
    1152 : 2dae;
    1153 : 2db1;
    1154 : 2db3;
    1155 : 2db6;
    1156 : 2db9;
    1157 : 2dbc;
    1158 : 2dbf;
    1159 : 2dc2;
    1160 : 2dc5;
    1161 : 2dc7;
    1162 : 2dca;
    1163 : 2dcd;
    1164 : 2dd0;
    1165 : 2dd3;
    1166 : 2dd6;
    1167 : 2dd8;
    1168 : 2ddb;
    1169 : 2dde;
    1170 : 2de1;
    1171 : 2de4;
    1172 : 2de7;
    1173 : 2de9;
    1174 : 2dec;
    1175 : 2def;
    1176 : 2df2;
    1177 : 2df5;
    1178 : 2df7;
    1179 : 2dfa;
    1180 : 2dfd;
    1181 : 2e00;
    1182 : 2e03;
    1183 : 2e06;
    1184 : 2e08;
    1185 : 2e0b;
    1186 : 2e0e;
    1187 : 2e11;
    1188 : 2e14;
    1189 : 2e17;
    1190 : 2e19;
    1191 : 2e1c;
    1192 : 2e1f;
    1193 : 2e22;
    1194 : 2e25;
    1195 : 2e27;
    1196 : 2e2a;
    1197 : 2e2d;
    1198 : 2e30;
    1199 : 2e33;
    1200 : 2e36;
    1201 : 2e38;
    1202 : 2e3b;
    1203 : 2e3e;
    1204 : 2e41;
    1205 : 2e44;
    1206 : 2e46;
    1207 : 2e49;
    1208 : 2e4c;
    1209 : 2e4f;
    1210 : 2e52;
    1211 : 2e54;
    1212 : 2e57;
    1213 : 2e5a;
    1214 : 2e5d;
    1215 : 2e60;
    1216 : 2e62;
    1217 : 2e65;
    1218 : 2e68;
    1219 : 2e6b;
    1220 : 2e6e;
    1221 : 2e71;
    1222 : 2e73;
    1223 : 2e76;
    1224 : 2e79;
    1225 : 2e7c;
    1226 : 2e7f;
    1227 : 2e81;
    1228 : 2e84;
    1229 : 2e87;
    1230 : 2e8a;
    1231 : 2e8d;
    1232 : 2e8f;
    1233 : 2e92;
    1234 : 2e95;
    1235 : 2e98;
    1236 : 2e9b;
    1237 : 2e9d;
    1238 : 2ea0;
    1239 : 2ea3;
    1240 : 2ea6;
    1241 : 2ea8;
    1242 : 2eab;
    1243 : 2eae;
    1244 : 2eb1;
    1245 : 2eb4;
    1246 : 2eb6;
    1247 : 2eb9;
    1248 : 2ebc;
    1249 : 2ebf;
    1250 : 2ec2;
    1251 : 2ec4;
    1252 : 2ec7;
    1253 : 2eca;
    1254 : 2ecd;
    1255 : 2ed0;
    1256 : 2ed2;
    1257 : 2ed5;
    1258 : 2ed8;
    1259 : 2edb;
    1260 : 2edd;
    1261 : 2ee0;
    1262 : 2ee3;
    1263 : 2ee6;
    1264 : 2ee9;
    1265 : 2eeb;
    1266 : 2eee;
    1267 : 2ef1;
    1268 : 2ef4;
    1269 : 2ef6;
    1270 : 2ef9;
    1271 : 2efc;
    1272 : 2eff;
    1273 : 2f02;
    1274 : 2f04;
    1275 : 2f07;
    1276 : 2f0a;
    1277 : 2f0d;
    1278 : 2f0f;
    1279 : 2f12;
    1280 : 2f15;
    1281 : 2f18;
    1282 : 2f1a;
    1283 : 2f1d;
    1284 : 2f20;
    1285 : 2f23;
    1286 : 2f26;
    1287 : 2f28;
    1288 : 2f2b;
    1289 : 2f2e;
    1290 : 2f31;
    1291 : 2f33;
    1292 : 2f36;
    1293 : 2f39;
    1294 : 2f3c;
    1295 : 2f3e;
    1296 : 2f41;
    1297 : 2f44;
    1298 : 2f47;
    1299 : 2f49;
    1300 : 2f4c;
    1301 : 2f4f;
    1302 : 2f52;
    1303 : 2f55;
    1304 : 2f57;
    1305 : 2f5a;
    1306 : 2f5d;
    1307 : 2f60;
    1308 : 2f62;
    1309 : 2f65;
    1310 : 2f68;
    1311 : 2f6b;
    1312 : 2f6d;
    1313 : 2f70;
    1314 : 2f73;
    1315 : 2f76;
    1316 : 2f78;
    1317 : 2f7b;
    1318 : 2f7e;
    1319 : 2f81;
    1320 : 2f83;
    1321 : 2f86;
    1322 : 2f89;
    1323 : 2f8c;
    1324 : 2f8e;
    1325 : 2f91;
    1326 : 2f94;
    1327 : 2f97;
    1328 : 2f99;
    1329 : 2f9c;
    1330 : 2f9f;
    1331 : 2fa1;
    1332 : 2fa4;
    1333 : 2fa7;
    1334 : 2faa;
    1335 : 2fac;
    1336 : 2faf;
    1337 : 2fb2;
    1338 : 2fb5;
    1339 : 2fb7;
    1340 : 2fba;
    1341 : 2fbd;
    1342 : 2fc0;
    1343 : 2fc2;
    1344 : 2fc5;
    1345 : 2fc8;
    1346 : 2fcb;
    1347 : 2fcd;
    1348 : 2fd0;
    1349 : 2fd3;
    1350 : 2fd5;
    1351 : 2fd8;
    1352 : 2fdb;
    1353 : 2fde;
    1354 : 2fe0;
    1355 : 2fe3;
    1356 : 2fe6;
    1357 : 2fe9;
    1358 : 2feb;
    1359 : 2fee;
    1360 : 2ff1;
    1361 : 2ff3;
    1362 : 2ff6;
    1363 : 2ff9;
    1364 : 2ffc;
    1365 : 2ffe;
    1366 : 3001;
    1367 : 3004;
    1368 : 3007;
    1369 : 3009;
    1370 : 300c;
    1371 : 300f;
    1372 : 3011;
    1373 : 3014;
    1374 : 3017;
    1375 : 301a;
    1376 : 301c;
    1377 : 301f;
    1378 : 3022;
    1379 : 3024;
    1380 : 3027;
    1381 : 302a;
    1382 : 302d;
    1383 : 302f;
    1384 : 3032;
    1385 : 3035;
    1386 : 3037;
    1387 : 303a;
    1388 : 303d;
    1389 : 303f;
    1390 : 3042;
    1391 : 3045;
    1392 : 3048;
    1393 : 304a;
    1394 : 304d;
    1395 : 3050;
    1396 : 3052;
    1397 : 3055;
    1398 : 3058;
    1399 : 305a;
    1400 : 305d;
    1401 : 3060;
    1402 : 3063;
    1403 : 3065;
    1404 : 3068;
    1405 : 306b;
    1406 : 306d;
    1407 : 3070;
    1408 : 3073;
    1409 : 3075;
    1410 : 3078;
    1411 : 307b;
    1412 : 307e;
    1413 : 3080;
    1414 : 3083;
    1415 : 3086;
    1416 : 3088;
    1417 : 308b;
    1418 : 308e;
    1419 : 3090;
    1420 : 3093;
    1421 : 3096;
    1422 : 3098;
    1423 : 309b;
    1424 : 309e;
    1425 : 30a0;
    1426 : 30a3;
    1427 : 30a6;
    1428 : 30a9;
    1429 : 30ab;
    1430 : 30ae;
    1431 : 30b1;
    1432 : 30b3;
    1433 : 30b6;
    1434 : 30b9;
    1435 : 30bb;
    1436 : 30be;
    1437 : 30c1;
    1438 : 30c3;
    1439 : 30c6;
    1440 : 30c9;
    1441 : 30cb;
    1442 : 30ce;
    1443 : 30d1;
    1444 : 30d3;
    1445 : 30d6;
    1446 : 30d9;
    1447 : 30db;
    1448 : 30de;
    1449 : 30e1;
    1450 : 30e3;
    1451 : 30e6;
    1452 : 30e9;
    1453 : 30eb;
    1454 : 30ee;
    1455 : 30f1;
    1456 : 30f3;
    1457 : 30f6;
    1458 : 30f9;
    1459 : 30fb;
    1460 : 30fe;
    1461 : 3101;
    1462 : 3103;
    1463 : 3106;
    1464 : 3109;
    1465 : 310b;
    1466 : 310e;
    1467 : 3111;
    1468 : 3113;
    1469 : 3116;
    1470 : 3119;
    1471 : 311b;
    1472 : 311e;
    1473 : 3121;
    1474 : 3123;
    1475 : 3126;
    1476 : 3129;
    1477 : 312b;
    1478 : 312e;
    1479 : 3130;
    1480 : 3133;
    1481 : 3136;
    1482 : 3138;
    1483 : 313b;
    1484 : 313e;
    1485 : 3140;
    1486 : 3143;
    1487 : 3146;
    1488 : 3148;
    1489 : 314b;
    1490 : 314e;
    1491 : 3150;
    1492 : 3153;
    1493 : 3156;
    1494 : 3158;
    1495 : 315b;
    1496 : 315d;
    1497 : 3160;
    1498 : 3163;
    1499 : 3165;
    1500 : 3168;
    1501 : 316b;
    1502 : 316d;
    1503 : 3170;
    1504 : 3173;
    1505 : 3175;
    1506 : 3178;
    1507 : 317a;
    1508 : 317d;
    1509 : 3180;
    1510 : 3182;
    1511 : 3185;
    1512 : 3188;
    1513 : 318a;
    1514 : 318d;
    1515 : 318f;
    1516 : 3192;
    1517 : 3195;
    1518 : 3197;
    1519 : 319a;
    1520 : 319d;
    1521 : 319f;
    1522 : 31a2;
    1523 : 31a4;
    1524 : 31a7;
    1525 : 31aa;
    1526 : 31ac;
    1527 : 31af;
    1528 : 31b2;
    1529 : 31b4;
    1530 : 31b7;
    1531 : 31b9;
    1532 : 31bc;
    1533 : 31bf;
    1534 : 31c1;
    1535 : 31c4;
    1536 : 31c6;
    1537 : 31c9;
    1538 : 31cc;
    1539 : 31ce;
    1540 : 31d1;
    1541 : 31d4;
    1542 : 31d6;
    1543 : 31d9;
    1544 : 31db;
    1545 : 31de;
    1546 : 31e1;
    1547 : 31e3;
    1548 : 31e6;
    1549 : 31e8;
    1550 : 31eb;
    1551 : 31ee;
    1552 : 31f0;
    1553 : 31f3;
    1554 : 31f5;
    1555 : 31f8;
    1556 : 31fb;
    1557 : 31fd;
    1558 : 3200;
    1559 : 3202;
    1560 : 3205;
    1561 : 3208;
    1562 : 320a;
    1563 : 320d;
    1564 : 320f;
    1565 : 3212;
    1566 : 3215;
    1567 : 3217;
    1568 : 321a;
    1569 : 321c;
    1570 : 321f;
    1571 : 3221;
    1572 : 3224;
    1573 : 3227;
    1574 : 3229;
    1575 : 322c;
    1576 : 322e;
    1577 : 3231;
    1578 : 3234;
    1579 : 3236;
    1580 : 3239;
    1581 : 323b;
    1582 : 323e;
    1583 : 3240;
    1584 : 3243;
    1585 : 3246;
    1586 : 3248;
    1587 : 324b;
    1588 : 324d;
    1589 : 3250;
    1590 : 3253;
    1591 : 3255;
    1592 : 3258;
    1593 : 325a;
    1594 : 325d;
    1595 : 325f;
    1596 : 3262;
    1597 : 3265;
    1598 : 3267;
    1599 : 326a;
    1600 : 326c;
    1601 : 326f;
    1602 : 3271;
    1603 : 3274;
    1604 : 3277;
    1605 : 3279;
    1606 : 327c;
    1607 : 327e;
    1608 : 3281;
    1609 : 3283;
    1610 : 3286;
    1611 : 3288;
    1612 : 328b;
    1613 : 328e;
    1614 : 3290;
    1615 : 3293;
    1616 : 3295;
    1617 : 3298;
    1618 : 329a;
    1619 : 329d;
    1620 : 329f;
    1621 : 32a2;
    1622 : 32a5;
    1623 : 32a7;
    1624 : 32aa;
    1625 : 32ac;
    1626 : 32af;
    1627 : 32b1;
    1628 : 32b4;
    1629 : 32b6;
    1630 : 32b9;
    1631 : 32bc;
    1632 : 32be;
    1633 : 32c1;
    1634 : 32c3;
    1635 : 32c6;
    1636 : 32c8;
    1637 : 32cb;
    1638 : 32cd;
    1639 : 32d0;
    1640 : 32d2;
    1641 : 32d5;
    1642 : 32d7;
    1643 : 32da;
    1644 : 32dd;
    1645 : 32df;
    1646 : 32e2;
    1647 : 32e4;
    1648 : 32e7;
    1649 : 32e9;
    1650 : 32ec;
    1651 : 32ee;
    1652 : 32f1;
    1653 : 32f3;
    1654 : 32f6;
    1655 : 32f8;
    1656 : 32fb;
    1657 : 32fd;
    1658 : 3300;
    1659 : 3303;
    1660 : 3305;
    1661 : 3308;
    1662 : 330a;
    1663 : 330d;
    1664 : 330f;
    1665 : 3312;
    1666 : 3314;
    1667 : 3317;
    1668 : 3319;
    1669 : 331c;
    1670 : 331e;
    1671 : 3321;
    1672 : 3323;
    1673 : 3326;
    1674 : 3328;
    1675 : 332b;
    1676 : 332d;
    1677 : 3330;
    1678 : 3332;
    1679 : 3335;
    1680 : 3337;
    1681 : 333a;
    1682 : 333c;
    1683 : 333f;
    1684 : 3341;
    1685 : 3344;
    1686 : 3347;
    1687 : 3349;
    1688 : 334c;
    1689 : 334e;
    1690 : 3351;
    1691 : 3353;
    1692 : 3356;
    1693 : 3358;
    1694 : 335b;
    1695 : 335d;
    1696 : 3360;
    1697 : 3362;
    1698 : 3365;
    1699 : 3367;
    1700 : 336a;
    1701 : 336c;
    1702 : 336f;
    1703 : 3371;
    1704 : 3374;
    1705 : 3376;
    1706 : 3379;
    1707 : 337b;
    1708 : 337d;
    1709 : 3380;
    1710 : 3382;
    1711 : 3385;
    1712 : 3387;
    1713 : 338a;
    1714 : 338c;
    1715 : 338f;
    1716 : 3391;
    1717 : 3394;
    1718 : 3396;
    1719 : 3399;
    1720 : 339b;
    1721 : 339e;
    1722 : 33a0;
    1723 : 33a3;
    1724 : 33a5;
    1725 : 33a8;
    1726 : 33aa;
    1727 : 33ad;
    1728 : 33af;
    1729 : 33b2;
    1730 : 33b4;
    1731 : 33b7;
    1732 : 33b9;
    1733 : 33bc;
    1734 : 33be;
    1735 : 33c0;
    1736 : 33c3;
    1737 : 33c5;
    1738 : 33c8;
    1739 : 33ca;
    1740 : 33cd;
    1741 : 33cf;
    1742 : 33d2;
    1743 : 33d4;
    1744 : 33d7;
    1745 : 33d9;
    1746 : 33dc;
    1747 : 33de;
    1748 : 33e1;
    1749 : 33e3;
    1750 : 33e5;
    1751 : 33e8;
    1752 : 33ea;
    1753 : 33ed;
    1754 : 33ef;
    1755 : 33f2;
    1756 : 33f4;
    1757 : 33f7;
    1758 : 33f9;
    1759 : 33fc;
    1760 : 33fe;
    1761 : 3400;
    1762 : 3403;
    1763 : 3405;
    1764 : 3408;
    1765 : 340a;
    1766 : 340d;
    1767 : 340f;
    1768 : 3412;
    1769 : 3414;
    1770 : 3417;
    1771 : 3419;
    1772 : 341b;
    1773 : 341e;
    1774 : 3420;
    1775 : 3423;
    1776 : 3425;
    1777 : 3428;
    1778 : 342a;
    1779 : 342c;
    1780 : 342f;
    1781 : 3431;
    1782 : 3434;
    1783 : 3436;
    1784 : 3439;
    1785 : 343b;
    1786 : 343e;
    1787 : 3440;
    1788 : 3442;
    1789 : 3445;
    1790 : 3447;
    1791 : 344a;
    1792 : 344c;
    1793 : 344f;
    1794 : 3451;
    1795 : 3453;
    1796 : 3456;
    1797 : 3458;
    1798 : 345b;
    1799 : 345d;
    1800 : 3460;
    1801 : 3462;
    1802 : 3464;
    1803 : 3467;
    1804 : 3469;
    1805 : 346c;
    1806 : 346e;
    1807 : 3470;
    1808 : 3473;
    1809 : 3475;
    1810 : 3478;
    1811 : 347a;
    1812 : 347d;
    1813 : 347f;
    1814 : 3481;
    1815 : 3484;
    1816 : 3486;
    1817 : 3489;
    1818 : 348b;
    1819 : 348d;
    1820 : 3490;
    1821 : 3492;
    1822 : 3495;
    1823 : 3497;
    1824 : 3499;
    1825 : 349c;
    1826 : 349e;
    1827 : 34a1;
    1828 : 34a3;
    1829 : 34a5;
    1830 : 34a8;
    1831 : 34aa;
    1832 : 34ad;
    1833 : 34af;
    1834 : 34b1;
    1835 : 34b4;
    1836 : 34b6;
    1837 : 34b9;
    1838 : 34bb;
    1839 : 34bd;
    1840 : 34c0;
    1841 : 34c2;
    1842 : 34c5;
    1843 : 34c7;
    1844 : 34c9;
    1845 : 34cc;
    1846 : 34ce;
    1847 : 34d1;
    1848 : 34d3;
    1849 : 34d5;
    1850 : 34d8;
    1851 : 34da;
    1852 : 34dc;
    1853 : 34df;
    1854 : 34e1;
    1855 : 34e4;
    1856 : 34e6;
    1857 : 34e8;
    1858 : 34eb;
    1859 : 34ed;
    1860 : 34ef;
    1861 : 34f2;
    1862 : 34f4;
    1863 : 34f7;
    1864 : 34f9;
    1865 : 34fb;
    1866 : 34fe;
    1867 : 3500;
    1868 : 3502;
    1869 : 3505;
    1870 : 3507;
    1871 : 350a;
    1872 : 350c;
    1873 : 350e;
    1874 : 3511;
    1875 : 3513;
    1876 : 3515;
    1877 : 3518;
    1878 : 351a;
    1879 : 351c;
    1880 : 351f;
    1881 : 3521;
    1882 : 3524;
    1883 : 3526;
    1884 : 3528;
    1885 : 352b;
    1886 : 352d;
    1887 : 352f;
    1888 : 3532;
    1889 : 3534;
    1890 : 3536;
    1891 : 3539;
    1892 : 353b;
    1893 : 353d;
    1894 : 3540;
    1895 : 3542;
    1896 : 3544;
    1897 : 3547;
    1898 : 3549;
    1899 : 354c;
    1900 : 354e;
    1901 : 3550;
    1902 : 3553;
    1903 : 3555;
    1904 : 3557;
    1905 : 355a;
    1906 : 355c;
    1907 : 355e;
    1908 : 3561;
    1909 : 3563;
    1910 : 3565;
    1911 : 3568;
    1912 : 356a;
    1913 : 356c;
    1914 : 356f;
    1915 : 3571;
    1916 : 3573;
    1917 : 3576;
    1918 : 3578;
    1919 : 357a;
    1920 : 357d;
    1921 : 357f;
    1922 : 3581;
    1923 : 3584;
    1924 : 3586;
    1925 : 3588;
    1926 : 358b;
    1927 : 358d;
    1928 : 358f;
    1929 : 3591;
    1930 : 3594;
    1931 : 3596;
    1932 : 3598;
    1933 : 359b;
    1934 : 359d;
    1935 : 359f;
    1936 : 35a2;
    1937 : 35a4;
    1938 : 35a6;
    1939 : 35a9;
    1940 : 35ab;
    1941 : 35ad;
    1942 : 35b0;
    1943 : 35b2;
    1944 : 35b4;
    1945 : 35b7;
    1946 : 35b9;
    1947 : 35bb;
    1948 : 35bd;
    1949 : 35c0;
    1950 : 35c2;
    1951 : 35c4;
    1952 : 35c7;
    1953 : 35c9;
    1954 : 35cb;
    1955 : 35ce;
    1956 : 35d0;
    1957 : 35d2;
    1958 : 35d4;
    1959 : 35d7;
    1960 : 35d9;
    1961 : 35db;
    1962 : 35de;
    1963 : 35e0;
    1964 : 35e2;
    1965 : 35e4;
    1966 : 35e7;
    1967 : 35e9;
    1968 : 35eb;
    1969 : 35ee;
    1970 : 35f0;
    1971 : 35f2;
    1972 : 35f5;
    1973 : 35f7;
    1974 : 35f9;
    1975 : 35fb;
    1976 : 35fe;
    1977 : 3600;
    1978 : 3602;
    1979 : 3604;
    1980 : 3607;
    1981 : 3609;
    1982 : 360b;
    1983 : 360e;
    1984 : 3610;
    1985 : 3612;
    1986 : 3614;
    1987 : 3617;
    1988 : 3619;
    1989 : 361b;
    1990 : 361e;
    1991 : 3620;
    1992 : 3622;
    1993 : 3624;
    1994 : 3627;
    1995 : 3629;
    1996 : 362b;
    1997 : 362d;
    1998 : 3630;
    1999 : 3632;
    2000 : 3634;
    2001 : 3636;
    2002 : 3639;
    2003 : 363b;
    2004 : 363d;
    2005 : 363f;
    2006 : 3642;
    2007 : 3644;
    2008 : 3646;
    2009 : 3648;
    2010 : 364b;
    2011 : 364d;
    2012 : 364f;
    2013 : 3652;
    2014 : 3654;
    2015 : 3656;
    2016 : 3658;
    2017 : 365a;
    2018 : 365d;
    2019 : 365f;
    2020 : 3661;
    2021 : 3663;
    2022 : 3666;
    2023 : 3668;
    2024 : 366a;
    2025 : 366c;
    2026 : 366f;
    2027 : 3671;
    2028 : 3673;
    2029 : 3675;
    2030 : 3678;
    2031 : 367a;
    2032 : 367c;
    2033 : 367e;
    2034 : 3681;
    2035 : 3683;
    2036 : 3685;
    2037 : 3687;
    2038 : 368a;
    2039 : 368c;
    2040 : 368e;
    2041 : 3690;
    2042 : 3692;
    2043 : 3695;
    2044 : 3697;
    2045 : 3699;
    2046 : 369b;
    2047 : 369e;
    2048 : 36a0;
    2049 : 36a2;
    2050 : 36a4;
    2051 : 36a6;
    2052 : 36a9;
    2053 : 36ab;
    2054 : 36ad;
    2055 : 36af;
    2056 : 36b2;
    2057 : 36b4;
    2058 : 36b6;
    2059 : 36b8;
    2060 : 36ba;
    2061 : 36bd;
    2062 : 36bf;
    2063 : 36c1;
    2064 : 36c3;
    2065 : 36c5;
    2066 : 36c8;
    2067 : 36ca;
    2068 : 36cc;
    2069 : 36ce;
    2070 : 36d0;
    2071 : 36d3;
    2072 : 36d5;
    2073 : 36d7;
    2074 : 36d9;
    2075 : 36db;
    2076 : 36de;
    2077 : 36e0;
    2078 : 36e2;
    2079 : 36e4;
    2080 : 36e6;
    2081 : 36e9;
    2082 : 36eb;
    2083 : 36ed;
    2084 : 36ef;
    2085 : 36f1;
    2086 : 36f4;
    2087 : 36f6;
    2088 : 36f8;
    2089 : 36fa;
    2090 : 36fc;
    2091 : 36fe;
    2092 : 3701;
    2093 : 3703;
    2094 : 3705;
    2095 : 3707;
    2096 : 3709;
    2097 : 370c;
    2098 : 370e;
    2099 : 3710;
    2100 : 3712;
    2101 : 3714;
    2102 : 3716;
    2103 : 3719;
    2104 : 371b;
    2105 : 371d;
    2106 : 371f;
    2107 : 3721;
    2108 : 3723;
    2109 : 3726;
    2110 : 3728;
    2111 : 372a;
    2112 : 372c;
    2113 : 372e;
    2114 : 3731;
    2115 : 3733;
    2116 : 3735;
    2117 : 3737;
    2118 : 3739;
    2119 : 373b;
    2120 : 373d;
    2121 : 3740;
    2122 : 3742;
    2123 : 3744;
    2124 : 3746;
    2125 : 3748;
    2126 : 374a;
    2127 : 374d;
    2128 : 374f;
    2129 : 3751;
    2130 : 3753;
    2131 : 3755;
    2132 : 3757;
    2133 : 3759;
    2134 : 375c;
    2135 : 375e;
    2136 : 3760;
    2137 : 3762;
    2138 : 3764;
    2139 : 3766;
    2140 : 3768;
    2141 : 376b;
    2142 : 376d;
    2143 : 376f;
    2144 : 3771;
    2145 : 3773;
    2146 : 3775;
    2147 : 3777;
    2148 : 377a;
    2149 : 377c;
    2150 : 377e;
    2151 : 3780;
    2152 : 3782;
    2153 : 3784;
    2154 : 3786;
    2155 : 3789;
    2156 : 378b;
    2157 : 378d;
    2158 : 378f;
    2159 : 3791;
    2160 : 3793;
    2161 : 3795;
    2162 : 3797;
    2163 : 379a;
    2164 : 379c;
    2165 : 379e;
    2166 : 37a0;
    2167 : 37a2;
    2168 : 37a4;
    2169 : 37a6;
    2170 : 37a8;
    2171 : 37aa;
    2172 : 37ad;
    2173 : 37af;
    2174 : 37b1;
    2175 : 37b3;
    2176 : 37b5;
    2177 : 37b7;
    2178 : 37b9;
    2179 : 37bb;
    2180 : 37bd;
    2181 : 37c0;
    2182 : 37c2;
    2183 : 37c4;
    2184 : 37c6;
    2185 : 37c8;
    2186 : 37ca;
    2187 : 37cc;
    2188 : 37ce;
    2189 : 37d0;
    2190 : 37d2;
    2191 : 37d5;
    2192 : 37d7;
    2193 : 37d9;
    2194 : 37db;
    2195 : 37dd;
    2196 : 37df;
    2197 : 37e1;
    2198 : 37e3;
    2199 : 37e5;
    2200 : 37e7;
    2201 : 37e9;
    2202 : 37ec;
    2203 : 37ee;
    2204 : 37f0;
    2205 : 37f2;
    2206 : 37f4;
    2207 : 37f6;
    2208 : 37f8;
    2209 : 37fa;
    2210 : 37fc;
    2211 : 37fe;
    2212 : 3800;
    2213 : 3802;
    2214 : 3805;
    2215 : 3807;
    2216 : 3809;
    2217 : 380b;
    2218 : 380d;
    2219 : 380f;
    2220 : 3811;
    2221 : 3813;
    2222 : 3815;
    2223 : 3817;
    2224 : 3819;
    2225 : 381b;
    2226 : 381d;
    2227 : 381f;
    2228 : 3821;
    2229 : 3824;
    2230 : 3826;
    2231 : 3828;
    2232 : 382a;
    2233 : 382c;
    2234 : 382e;
    2235 : 3830;
    2236 : 3832;
    2237 : 3834;
    2238 : 3836;
    2239 : 3838;
    2240 : 383a;
    2241 : 383c;
    2242 : 383e;
    2243 : 3840;
    2244 : 3842;
    2245 : 3844;
    2246 : 3846;
    2247 : 3849;
    2248 : 384b;
    2249 : 384d;
    2250 : 384f;
    2251 : 3851;
    2252 : 3853;
    2253 : 3855;
    2254 : 3857;
    2255 : 3859;
    2256 : 385b;
    2257 : 385d;
    2258 : 385f;
    2259 : 3861;
    2260 : 3863;
    2261 : 3865;
    2262 : 3867;
    2263 : 3869;
    2264 : 386b;
    2265 : 386d;
    2266 : 386f;
    2267 : 3871;
    2268 : 3873;
    2269 : 3875;
    2270 : 3877;
    2271 : 3879;
    2272 : 387b;
    2273 : 387d;
    2274 : 387f;
    2275 : 3881;
    2276 : 3883;
    2277 : 3885;
    2278 : 3887;
    2279 : 388a;
    2280 : 388c;
    2281 : 388e;
    2282 : 3890;
    2283 : 3892;
    2284 : 3894;
    2285 : 3896;
    2286 : 3898;
    2287 : 389a;
    2288 : 389c;
    2289 : 389e;
    2290 : 38a0;
    2291 : 38a2;
    2292 : 38a4;
    2293 : 38a6;
    2294 : 38a8;
    2295 : 38aa;
    2296 : 38ac;
    2297 : 38ae;
    2298 : 38b0;
    2299 : 38b2;
    2300 : 38b4;
    2301 : 38b6;
    2302 : 38b8;
    2303 : 38ba;
    2304 : 38bc;
    2305 : 38be;
    2306 : 38c0;
    2307 : 38c2;
    2308 : 38c4;
    2309 : 38c6;
    2310 : 38c8;
    2311 : 38ca;
    2312 : 38cc;
    2313 : 38ce;
    2314 : 38cf;
    2315 : 38d1;
    2316 : 38d3;
    2317 : 38d5;
    2318 : 38d7;
    2319 : 38d9;
    2320 : 38db;
    2321 : 38dd;
    2322 : 38df;
    2323 : 38e1;
    2324 : 38e3;
    2325 : 38e5;
    2326 : 38e7;
    2327 : 38e9;
    2328 : 38eb;
    2329 : 38ed;
    2330 : 38ef;
    2331 : 38f1;
    2332 : 38f3;
    2333 : 38f5;
    2334 : 38f7;
    2335 : 38f9;
    2336 : 38fb;
    2337 : 38fd;
    2338 : 38ff;
    2339 : 3901;
    2340 : 3903;
    2341 : 3905;
    2342 : 3907;
    2343 : 3909;
    2344 : 390b;
    2345 : 390d;
    2346 : 390e;
    2347 : 3910;
    2348 : 3912;
    2349 : 3914;
    2350 : 3916;
    2351 : 3918;
    2352 : 391a;
    2353 : 391c;
    2354 : 391e;
    2355 : 3920;
    2356 : 3922;
    2357 : 3924;
    2358 : 3926;
    2359 : 3928;
    2360 : 392a;
    2361 : 392c;
    2362 : 392e;
    2363 : 3930;
    2364 : 3932;
    2365 : 3933;
    2366 : 3935;
    2367 : 3937;
    2368 : 3939;
    2369 : 393b;
    2370 : 393d;
    2371 : 393f;
    2372 : 3941;
    2373 : 3943;
    2374 : 3945;
    2375 : 3947;
    2376 : 3949;
    2377 : 394b;
    2378 : 394d;
    2379 : 394e;
    2380 : 3950;
    2381 : 3952;
    2382 : 3954;
    2383 : 3956;
    2384 : 3958;
    2385 : 395a;
    2386 : 395c;
    2387 : 395e;
    2388 : 3960;
    2389 : 3962;
    2390 : 3964;
    2391 : 3965;
    2392 : 3967;
    2393 : 3969;
    2394 : 396b;
    2395 : 396d;
    2396 : 396f;
    2397 : 3971;
    2398 : 3973;
    2399 : 3975;
    2400 : 3977;
    2401 : 3978;
    2402 : 397a;
    2403 : 397c;
    2404 : 397e;
    2405 : 3980;
    2406 : 3982;
    2407 : 3984;
    2408 : 3986;
    2409 : 3988;
    2410 : 398a;
    2411 : 398b;
    2412 : 398d;
    2413 : 398f;
    2414 : 3991;
    2415 : 3993;
    2416 : 3995;
    2417 : 3997;
    2418 : 3999;
    2419 : 399b;
    2420 : 399c;
    2421 : 399e;
    2422 : 39a0;
    2423 : 39a2;
    2424 : 39a4;
    2425 : 39a6;
    2426 : 39a8;
    2427 : 39aa;
    2428 : 39ab;
    2429 : 39ad;
    2430 : 39af;
    2431 : 39b1;
    2432 : 39b3;
    2433 : 39b5;
    2434 : 39b7;
    2435 : 39b9;
    2436 : 39ba;
    2437 : 39bc;
    2438 : 39be;
    2439 : 39c0;
    2440 : 39c2;
    2441 : 39c4;
    2442 : 39c6;
    2443 : 39c8;
    2444 : 39c9;
    2445 : 39cb;
    2446 : 39cd;
    2447 : 39cf;
    2448 : 39d1;
    2449 : 39d3;
    2450 : 39d5;
    2451 : 39d6;
    2452 : 39d8;
    2453 : 39da;
    2454 : 39dc;
    2455 : 39de;
    2456 : 39e0;
    2457 : 39e1;
    2458 : 39e3;
    2459 : 39e5;
    2460 : 39e7;
    2461 : 39e9;
    2462 : 39eb;
    2463 : 39ed;
    2464 : 39ee;
    2465 : 39f0;
    2466 : 39f2;
    2467 : 39f4;
    2468 : 39f6;
    2469 : 39f8;
    2470 : 39f9;
    2471 : 39fb;
    2472 : 39fd;
    2473 : 39ff;
    2474 : 3a01;
    2475 : 3a03;
    2476 : 3a04;
    2477 : 3a06;
    2478 : 3a08;
    2479 : 3a0a;
    2480 : 3a0c;
    2481 : 3a0e;
    2482 : 3a0f;
    2483 : 3a11;
    2484 : 3a13;
    2485 : 3a15;
    2486 : 3a17;
    2487 : 3a18;
    2488 : 3a1a;
    2489 : 3a1c;
    2490 : 3a1e;
    2491 : 3a20;
    2492 : 3a22;
    2493 : 3a23;
    2494 : 3a25;
    2495 : 3a27;
    2496 : 3a29;
    2497 : 3a2b;
    2498 : 3a2c;
    2499 : 3a2e;
    2500 : 3a30;
    2501 : 3a32;
    2502 : 3a34;
    2503 : 3a35;
    2504 : 3a37;
    2505 : 3a39;
    2506 : 3a3b;
    2507 : 3a3d;
    2508 : 3a3e;
    2509 : 3a40;
    2510 : 3a42;
    2511 : 3a44;
    2512 : 3a46;
    2513 : 3a47;
    2514 : 3a49;
    2515 : 3a4b;
    2516 : 3a4d;
    2517 : 3a4f;
    2518 : 3a50;
    2519 : 3a52;
    2520 : 3a54;
    2521 : 3a56;
    2522 : 3a57;
    2523 : 3a59;
    2524 : 3a5b;
    2525 : 3a5d;
    2526 : 3a5f;
    2527 : 3a60;
    2528 : 3a62;
    2529 : 3a64;
    2530 : 3a66;
    2531 : 3a67;
    2532 : 3a69;
    2533 : 3a6b;
    2534 : 3a6d;
    2535 : 3a6f;
    2536 : 3a70;
    2537 : 3a72;
    2538 : 3a74;
    2539 : 3a76;
    2540 : 3a77;
    2541 : 3a79;
    2542 : 3a7b;
    2543 : 3a7d;
    2544 : 3a7e;
    2545 : 3a80;
    2546 : 3a82;
    2547 : 3a84;
    2548 : 3a85;
    2549 : 3a87;
    2550 : 3a89;
    2551 : 3a8b;
    2552 : 3a8c;
    2553 : 3a8e;
    2554 : 3a90;
    2555 : 3a92;
    2556 : 3a93;
    2557 : 3a95;
    2558 : 3a97;
    2559 : 3a99;
    2560 : 3a9a;
    2561 : 3a9c;
    2562 : 3a9e;
    2563 : 3aa0;
    2564 : 3aa1;
    2565 : 3aa3;
    2566 : 3aa5;
    2567 : 3aa7;
    2568 : 3aa8;
    2569 : 3aaa;
    2570 : 3aac;
    2571 : 3aae;
    2572 : 3aaf;
    2573 : 3ab1;
    2574 : 3ab3;
    2575 : 3ab5;
    2576 : 3ab6;
    2577 : 3ab8;
    2578 : 3aba;
    2579 : 3abb;
    2580 : 3abd;
    2581 : 3abf;
    2582 : 3ac1;
    2583 : 3ac2;
    2584 : 3ac4;
    2585 : 3ac6;
    2586 : 3ac8;
    2587 : 3ac9;
    2588 : 3acb;
    2589 : 3acd;
    2590 : 3ace;
    2591 : 3ad0;
    2592 : 3ad2;
    2593 : 3ad4;
    2594 : 3ad5;
    2595 : 3ad7;
    2596 : 3ad9;
    2597 : 3ada;
    2598 : 3adc;
    2599 : 3ade;
    2600 : 3adf;
    2601 : 3ae1;
    2602 : 3ae3;
    2603 : 3ae5;
    2604 : 3ae6;
    2605 : 3ae8;
    2606 : 3aea;
    2607 : 3aeb;
    2608 : 3aed;
    2609 : 3aef;
    2610 : 3af0;
    2611 : 3af2;
    2612 : 3af4;
    2613 : 3af6;
    2614 : 3af7;
    2615 : 3af9;
    2616 : 3afb;
    2617 : 3afc;
    2618 : 3afe;
    2619 : 3b00;
    2620 : 3b01;
    2621 : 3b03;
    2622 : 3b05;
    2623 : 3b06;
    2624 : 3b08;
    2625 : 3b0a;
    2626 : 3b0b;
    2627 : 3b0d;
    2628 : 3b0f;
    2629 : 3b11;
    2630 : 3b12;
    2631 : 3b14;
    2632 : 3b16;
    2633 : 3b17;
    2634 : 3b19;
    2635 : 3b1b;
    2636 : 3b1c;
    2637 : 3b1e;
    2638 : 3b20;
    2639 : 3b21;
    2640 : 3b23;
    2641 : 3b25;
    2642 : 3b26;
    2643 : 3b28;
    2644 : 3b2a;
    2645 : 3b2b;
    2646 : 3b2d;
    2647 : 3b2f;
    2648 : 3b30;
    2649 : 3b32;
    2650 : 3b33;
    2651 : 3b35;
    2652 : 3b37;
    2653 : 3b38;
    2654 : 3b3a;
    2655 : 3b3c;
    2656 : 3b3d;
    2657 : 3b3f;
    2658 : 3b41;
    2659 : 3b42;
    2660 : 3b44;
    2661 : 3b46;
    2662 : 3b47;
    2663 : 3b49;
    2664 : 3b4b;
    2665 : 3b4c;
    2666 : 3b4e;
    2667 : 3b4f;
    2668 : 3b51;
    2669 : 3b53;
    2670 : 3b54;
    2671 : 3b56;
    2672 : 3b58;
    2673 : 3b59;
    2674 : 3b5b;
    2675 : 3b5d;
    2676 : 3b5e;
    2677 : 3b60;
    2678 : 3b61;
    2679 : 3b63;
    2680 : 3b65;
    2681 : 3b66;
    2682 : 3b68;
    2683 : 3b69;
    2684 : 3b6b;
    2685 : 3b6d;
    2686 : 3b6e;
    2687 : 3b70;
    2688 : 3b72;
    2689 : 3b73;
    2690 : 3b75;
    2691 : 3b76;
    2692 : 3b78;
    2693 : 3b7a;
    2694 : 3b7b;
    2695 : 3b7d;
    2696 : 3b7e;
    2697 : 3b80;
    2698 : 3b82;
    2699 : 3b83;
    2700 : 3b85;
    2701 : 3b86;
    2702 : 3b88;
    2703 : 3b8a;
    2704 : 3b8b;
    2705 : 3b8d;
    2706 : 3b8e;
    2707 : 3b90;
    2708 : 3b92;
    2709 : 3b93;
    2710 : 3b95;
    2711 : 3b96;
    2712 : 3b98;
    2713 : 3b9a;
    2714 : 3b9b;
    2715 : 3b9d;
    2716 : 3b9e;
    2717 : 3ba0;
    2718 : 3ba2;
    2719 : 3ba3;
    2720 : 3ba5;
    2721 : 3ba6;
    2722 : 3ba8;
    2723 : 3ba9;
    2724 : 3bab;
    2725 : 3bad;
    2726 : 3bae;
    2727 : 3bb0;
    2728 : 3bb1;
    2729 : 3bb3;
    2730 : 3bb4;
    2731 : 3bb6;
    2732 : 3bb8;
    2733 : 3bb9;
    2734 : 3bbb;
    2735 : 3bbc;
    2736 : 3bbe;
    2737 : 3bbf;
    2738 : 3bc1;
    2739 : 3bc3;
    2740 : 3bc4;
    2741 : 3bc6;
    2742 : 3bc7;
    2743 : 3bc9;
    2744 : 3bca;
    2745 : 3bcc;
    2746 : 3bce;
    2747 : 3bcf;
    2748 : 3bd1;
    2749 : 3bd2;
    2750 : 3bd4;
    2751 : 3bd5;
    2752 : 3bd7;
    2753 : 3bd8;
    2754 : 3bda;
    2755 : 3bdb;
    2756 : 3bdd;
    2757 : 3bdf;
    2758 : 3be0;
    2759 : 3be2;
    2760 : 3be3;
    2761 : 3be5;
    2762 : 3be6;
    2763 : 3be8;
    2764 : 3be9;
    2765 : 3beb;
    2766 : 3bec;
    2767 : 3bee;
    2768 : 3bef;
    2769 : 3bf1;
    2770 : 3bf3;
    2771 : 3bf4;
    2772 : 3bf6;
    2773 : 3bf7;
    2774 : 3bf9;
    2775 : 3bfa;
    2776 : 3bfc;
    2777 : 3bfd;
    2778 : 3bff;
    2779 : 3c00;
    2780 : 3c02;
    2781 : 3c03;
    2782 : 3c05;
    2783 : 3c06;
    2784 : 3c08;
    2785 : 3c09;
    2786 : 3c0b;
    2787 : 3c0c;
    2788 : 3c0e;
    2789 : 3c0f;
    2790 : 3c11;
    2791 : 3c12;
    2792 : 3c14;
    2793 : 3c15;
    2794 : 3c17;
    2795 : 3c18;
    2796 : 3c1a;
    2797 : 3c1b;
    2798 : 3c1d;
    2799 : 3c1e;
    2800 : 3c20;
    2801 : 3c21;
    2802 : 3c23;
    2803 : 3c24;
    2804 : 3c26;
    2805 : 3c27;
    2806 : 3c29;
    2807 : 3c2a;
    2808 : 3c2c;
    2809 : 3c2d;
    2810 : 3c2f;
    2811 : 3c30;
    2812 : 3c32;
    2813 : 3c33;
    2814 : 3c35;
    2815 : 3c36;
    2816 : 3c38;
    2817 : 3c39;
    2818 : 3c3b;
    2819 : 3c3c;
    2820 : 3c3e;
    2821 : 3c3f;
    2822 : 3c41;
    2823 : 3c42;
    2824 : 3c44;
    2825 : 3c45;
    2826 : 3c47;
    2827 : 3c48;
    2828 : 3c49;
    2829 : 3c4b;
    2830 : 3c4c;
    2831 : 3c4e;
    2832 : 3c4f;
    2833 : 3c51;
    2834 : 3c52;
    2835 : 3c54;
    2836 : 3c55;
    2837 : 3c57;
    2838 : 3c58;
    2839 : 3c5a;
    2840 : 3c5b;
    2841 : 3c5c;
    2842 : 3c5e;
    2843 : 3c5f;
    2844 : 3c61;
    2845 : 3c62;
    2846 : 3c64;
    2847 : 3c65;
    2848 : 3c67;
    2849 : 3c68;
    2850 : 3c69;
    2851 : 3c6b;
    2852 : 3c6c;
    2853 : 3c6e;
    2854 : 3c6f;
    2855 : 3c71;
    2856 : 3c72;
    2857 : 3c74;
    2858 : 3c75;
    2859 : 3c76;
    2860 : 3c78;
    2861 : 3c79;
    2862 : 3c7b;
    2863 : 3c7c;
    2864 : 3c7e;
    2865 : 3c7f;
    2866 : 3c80;
    2867 : 3c82;
    2868 : 3c83;
    2869 : 3c85;
    2870 : 3c86;
    2871 : 3c88;
    2872 : 3c89;
    2873 : 3c8a;
    2874 : 3c8c;
    2875 : 3c8d;
    2876 : 3c8f;
    2877 : 3c90;
    2878 : 3c92;
    2879 : 3c93;
    2880 : 3c94;
    2881 : 3c96;
    2882 : 3c97;
    2883 : 3c99;
    2884 : 3c9a;
    2885 : 3c9b;
    2886 : 3c9d;
    2887 : 3c9e;
    2888 : 3ca0;
    2889 : 3ca1;
    2890 : 3ca2;
    2891 : 3ca4;
    2892 : 3ca5;
    2893 : 3ca7;
    2894 : 3ca8;
    2895 : 3ca9;
    2896 : 3cab;
    2897 : 3cac;
    2898 : 3cae;
    2899 : 3caf;
    2900 : 3cb0;
    2901 : 3cb2;
    2902 : 3cb3;
    2903 : 3cb5;
    2904 : 3cb6;
    2905 : 3cb7;
    2906 : 3cb9;
    2907 : 3cba;
    2908 : 3cbb;
    2909 : 3cbd;
    2910 : 3cbe;
    2911 : 3cc0;
    2912 : 3cc1;
    2913 : 3cc2;
    2914 : 3cc4;
    2915 : 3cc5;
    2916 : 3cc6;
    2917 : 3cc8;
    2918 : 3cc9;
    2919 : 3ccb;
    2920 : 3ccc;
    2921 : 3ccd;
    2922 : 3ccf;
    2923 : 3cd0;
    2924 : 3cd1;
    2925 : 3cd3;
    2926 : 3cd4;
    2927 : 3cd6;
    2928 : 3cd7;
    2929 : 3cd8;
    2930 : 3cda;
    2931 : 3cdb;
    2932 : 3cdc;
    2933 : 3cde;
    2934 : 3cdf;
    2935 : 3ce0;
    2936 : 3ce2;
    2937 : 3ce3;
    2938 : 3ce4;
    2939 : 3ce6;
    2940 : 3ce7;
    2941 : 3ce8;
    2942 : 3cea;
    2943 : 3ceb;
    2944 : 3ced;
    2945 : 3cee;
    2946 : 3cef;
    2947 : 3cf1;
    2948 : 3cf2;
    2949 : 3cf3;
    2950 : 3cf5;
    2951 : 3cf6;
    2952 : 3cf7;
    2953 : 3cf9;
    2954 : 3cfa;
    2955 : 3cfb;
    2956 : 3cfd;
    2957 : 3cfe;
    2958 : 3cff;
    2959 : 3d01;
    2960 : 3d02;
    2961 : 3d03;
    2962 : 3d05;
    2963 : 3d06;
    2964 : 3d07;
    2965 : 3d08;
    2966 : 3d0a;
    2967 : 3d0b;
    2968 : 3d0c;
    2969 : 3d0e;
    2970 : 3d0f;
    2971 : 3d10;
    2972 : 3d12;
    2973 : 3d13;
    2974 : 3d14;
    2975 : 3d16;
    2976 : 3d17;
    2977 : 3d18;
    2978 : 3d1a;
    2979 : 3d1b;
    2980 : 3d1c;
    2981 : 3d1d;
    2982 : 3d1f;
    2983 : 3d20;
    2984 : 3d21;
    2985 : 3d23;
    2986 : 3d24;
    2987 : 3d25;
    2988 : 3d27;
    2989 : 3d28;
    2990 : 3d29;
    2991 : 3d2a;
    2992 : 3d2c;
    2993 : 3d2d;
    2994 : 3d2e;
    2995 : 3d30;
    2996 : 3d31;
    2997 : 3d32;
    2998 : 3d33;
    2999 : 3d35;
    3000 : 3d36;
    3001 : 3d37;
    3002 : 3d39;
    3003 : 3d3a;
    3004 : 3d3b;
    3005 : 3d3c;
    3006 : 3d3e;
    3007 : 3d3f;
    3008 : 3d40;
    3009 : 3d42;
    3010 : 3d43;
    3011 : 3d44;
    3012 : 3d45;
    3013 : 3d47;
    3014 : 3d48;
    3015 : 3d49;
    3016 : 3d4a;
    3017 : 3d4c;
    3018 : 3d4d;
    3019 : 3d4e;
    3020 : 3d4f;
    3021 : 3d51;
    3022 : 3d52;
    3023 : 3d53;
    3024 : 3d54;
    3025 : 3d56;
    3026 : 3d57;
    3027 : 3d58;
    3028 : 3d59;
    3029 : 3d5b;
    3030 : 3d5c;
    3031 : 3d5d;
    3032 : 3d5e;
    3033 : 3d60;
    3034 : 3d61;
    3035 : 3d62;
    3036 : 3d63;
    3037 : 3d65;
    3038 : 3d66;
    3039 : 3d67;
    3040 : 3d68;
    3041 : 3d6a;
    3042 : 3d6b;
    3043 : 3d6c;
    3044 : 3d6d;
    3045 : 3d6f;
    3046 : 3d70;
    3047 : 3d71;
    3048 : 3d72;
    3049 : 3d74;
    3050 : 3d75;
    3051 : 3d76;
    3052 : 3d77;
    3053 : 3d78;
    3054 : 3d7a;
    3055 : 3d7b;
    3056 : 3d7c;
    3057 : 3d7d;
    3058 : 3d7f;
    3059 : 3d80;
    3060 : 3d81;
    3061 : 3d82;
    3062 : 3d83;
    3063 : 3d85;
    3064 : 3d86;
    3065 : 3d87;
    3066 : 3d88;
    3067 : 3d89;
    3068 : 3d8b;
    3069 : 3d8c;
    3070 : 3d8d;
    3071 : 3d8e;
    3072 : 3d8f;
    3073 : 3d91;
    3074 : 3d92;
    3075 : 3d93;
    3076 : 3d94;
    3077 : 3d95;
    3078 : 3d97;
    3079 : 3d98;
    3080 : 3d99;
    3081 : 3d9a;
    3082 : 3d9b;
    3083 : 3d9d;
    3084 : 3d9e;
    3085 : 3d9f;
    3086 : 3da0;
    3087 : 3da1;
    3088 : 3da3;
    3089 : 3da4;
    3090 : 3da5;
    3091 : 3da6;
    3092 : 3da7;
    3093 : 3da8;
    3094 : 3daa;
    3095 : 3dab;
    3096 : 3dac;
    3097 : 3dad;
    3098 : 3dae;
    3099 : 3db0;
    3100 : 3db1;
    3101 : 3db2;
    3102 : 3db3;
    3103 : 3db4;
    3104 : 3db5;
    3105 : 3db7;
    3106 : 3db8;
    3107 : 3db9;
    3108 : 3dba;
    3109 : 3dbb;
    3110 : 3dbc;
    3111 : 3dbd;
    3112 : 3dbf;
    3113 : 3dc0;
    3114 : 3dc1;
    3115 : 3dc2;
    3116 : 3dc3;
    3117 : 3dc4;
    3118 : 3dc6;
    3119 : 3dc7;
    3120 : 3dc8;
    3121 : 3dc9;
    3122 : 3dca;
    3123 : 3dcb;
    3124 : 3dcc;
    3125 : 3dce;
    3126 : 3dcf;
    3127 : 3dd0;
    3128 : 3dd1;
    3129 : 3dd2;
    3130 : 3dd3;
    3131 : 3dd4;
    3132 : 3dd6;
    3133 : 3dd7;
    3134 : 3dd8;
    3135 : 3dd9;
    3136 : 3dda;
    3137 : 3ddb;
    3138 : 3ddc;
    3139 : 3ddd;
    3140 : 3ddf;
    3141 : 3de0;
    3142 : 3de1;
    3143 : 3de2;
    3144 : 3de3;
    3145 : 3de4;
    3146 : 3de5;
    3147 : 3de6;
    3148 : 3de8;
    3149 : 3de9;
    3150 : 3dea;
    3151 : 3deb;
    3152 : 3dec;
    3153 : 3ded;
    3154 : 3dee;
    3155 : 3def;
    3156 : 3df0;
    3157 : 3df2;
    3158 : 3df3;
    3159 : 3df4;
    3160 : 3df5;
    3161 : 3df6;
    3162 : 3df7;
    3163 : 3df8;
    3164 : 3df9;
    3165 : 3dfa;
    3166 : 3dfc;
    3167 : 3dfd;
    3168 : 3dfe;
    3169 : 3dff;
    3170 : 3e00;
    3171 : 3e01;
    3172 : 3e02;
    3173 : 3e03;
    3174 : 3e04;
    3175 : 3e05;
    3176 : 3e06;
    3177 : 3e08;
    3178 : 3e09;
    3179 : 3e0a;
    3180 : 3e0b;
    3181 : 3e0c;
    3182 : 3e0d;
    3183 : 3e0e;
    3184 : 3e0f;
    3185 : 3e10;
    3186 : 3e11;
    3187 : 3e12;
    3188 : 3e13;
    3189 : 3e14;
    3190 : 3e16;
    3191 : 3e17;
    3192 : 3e18;
    3193 : 3e19;
    3194 : 3e1a;
    3195 : 3e1b;
    3196 : 3e1c;
    3197 : 3e1d;
    3198 : 3e1e;
    3199 : 3e1f;
    3200 : 3e20;
    3201 : 3e21;
    3202 : 3e22;
    3203 : 3e23;
    3204 : 3e24;
    3205 : 3e25;
    3206 : 3e26;
    3207 : 3e28;
    3208 : 3e29;
    3209 : 3e2a;
    3210 : 3e2b;
    3211 : 3e2c;
    3212 : 3e2d;
    3213 : 3e2e;
    3214 : 3e2f;
    3215 : 3e30;
    3216 : 3e31;
    3217 : 3e32;
    3218 : 3e33;
    3219 : 3e34;
    3220 : 3e35;
    3221 : 3e36;
    3222 : 3e37;
    3223 : 3e38;
    3224 : 3e39;
    3225 : 3e3a;
    3226 : 3e3b;
    3227 : 3e3c;
    3228 : 3e3d;
    3229 : 3e3e;
    3230 : 3e3f;
    3231 : 3e40;
    3232 : 3e41;
    3233 : 3e42;
    3234 : 3e43;
    3235 : 3e45;
    3236 : 3e46;
    3237 : 3e47;
    3238 : 3e48;
    3239 : 3e49;
    3240 : 3e4a;
    3241 : 3e4b;
    3242 : 3e4c;
    3243 : 3e4d;
    3244 : 3e4e;
    3245 : 3e4f;
    3246 : 3e50;
    3247 : 3e51;
    3248 : 3e52;
    3249 : 3e53;
    3250 : 3e54;
    3251 : 3e55;
    3252 : 3e56;
    3253 : 3e57;
    3254 : 3e58;
    3255 : 3e59;
    3256 : 3e5a;
    3257 : 3e5b;
    3258 : 3e5c;
    3259 : 3e5d;
    3260 : 3e5e;
    3261 : 3e5f;
    3262 : 3e60;
    3263 : 3e61;
    3264 : 3e62;
    3265 : 3e63;
    3266 : 3e64;
    3267 : 3e65;
    3268 : 3e65;
    3269 : 3e66;
    3270 : 3e67;
    3271 : 3e68;
    3272 : 3e69;
    3273 : 3e6a;
    3274 : 3e6b;
    3275 : 3e6c;
    3276 : 3e6d;
    3277 : 3e6e;
    3278 : 3e6f;
    3279 : 3e70;
    3280 : 3e71;
    3281 : 3e72;
    3282 : 3e73;
    3283 : 3e74;
    3284 : 3e75;
    3285 : 3e76;
    3286 : 3e77;
    3287 : 3e78;
    3288 : 3e79;
    3289 : 3e7a;
    3290 : 3e7b;
    3291 : 3e7c;
    3292 : 3e7d;
    3293 : 3e7e;
    3294 : 3e7f;
    3295 : 3e80;
    3296 : 3e81;
    3297 : 3e81;
    3298 : 3e82;
    3299 : 3e83;
    3300 : 3e84;
    3301 : 3e85;
    3302 : 3e86;
    3303 : 3e87;
    3304 : 3e88;
    3305 : 3e89;
    3306 : 3e8a;
    3307 : 3e8b;
    3308 : 3e8c;
    3309 : 3e8d;
    3310 : 3e8e;
    3311 : 3e8f;
    3312 : 3e90;
    3313 : 3e90;
    3314 : 3e91;
    3315 : 3e92;
    3316 : 3e93;
    3317 : 3e94;
    3318 : 3e95;
    3319 : 3e96;
    3320 : 3e97;
    3321 : 3e98;
    3322 : 3e99;
    3323 : 3e9a;
    3324 : 3e9b;
    3325 : 3e9c;
    3326 : 3e9c;
    3327 : 3e9d;
    3328 : 3e9e;
    3329 : 3e9f;
    3330 : 3ea0;
    3331 : 3ea1;
    3332 : 3ea2;
    3333 : 3ea3;
    3334 : 3ea4;
    3335 : 3ea5;
    3336 : 3ea6;
    3337 : 3ea6;
    3338 : 3ea7;
    3339 : 3ea8;
    3340 : 3ea9;
    3341 : 3eaa;
    3342 : 3eab;
    3343 : 3eac;
    3344 : 3ead;
    3345 : 3eae;
    3346 : 3eaf;
    3347 : 3eaf;
    3348 : 3eb0;
    3349 : 3eb1;
    3350 : 3eb2;
    3351 : 3eb3;
    3352 : 3eb4;
    3353 : 3eb5;
    3354 : 3eb6;
    3355 : 3eb6;
    3356 : 3eb7;
    3357 : 3eb8;
    3358 : 3eb9;
    3359 : 3eba;
    3360 : 3ebb;
    3361 : 3ebc;
    3362 : 3ebd;
    3363 : 3ebd;
    3364 : 3ebe;
    3365 : 3ebf;
    3366 : 3ec0;
    3367 : 3ec1;
    3368 : 3ec2;
    3369 : 3ec3;
    3370 : 3ec4;
    3371 : 3ec4;
    3372 : 3ec5;
    3373 : 3ec6;
    3374 : 3ec7;
    3375 : 3ec8;
    3376 : 3ec9;
    3377 : 3eca;
    3378 : 3eca;
    3379 : 3ecb;
    3380 : 3ecc;
    3381 : 3ecd;
    3382 : 3ece;
    3383 : 3ecf;
    3384 : 3ed0;
    3385 : 3ed0;
    3386 : 3ed1;
    3387 : 3ed2;
    3388 : 3ed3;
    3389 : 3ed4;
    3390 : 3ed5;
    3391 : 3ed5;
    3392 : 3ed6;
    3393 : 3ed7;
    3394 : 3ed8;
    3395 : 3ed9;
    3396 : 3eda;
    3397 : 3eda;
    3398 : 3edb;
    3399 : 3edc;
    3400 : 3edd;
    3401 : 3ede;
    3402 : 3edf;
    3403 : 3edf;
    3404 : 3ee0;
    3405 : 3ee1;
    3406 : 3ee2;
    3407 : 3ee3;
    3408 : 3ee4;
    3409 : 3ee4;
    3410 : 3ee5;
    3411 : 3ee6;
    3412 : 3ee7;
    3413 : 3ee8;
    3414 : 3ee8;
    3415 : 3ee9;
    3416 : 3eea;
    3417 : 3eeb;
    3418 : 3eec;
    3419 : 3eec;
    3420 : 3eed;
    3421 : 3eee;
    3422 : 3eef;
    3423 : 3ef0;
    3424 : 3ef0;
    3425 : 3ef1;
    3426 : 3ef2;
    3427 : 3ef3;
    3428 : 3ef4;
    3429 : 3ef4;
    3430 : 3ef5;
    3431 : 3ef6;
    3432 : 3ef7;
    3433 : 3ef8;
    3434 : 3ef8;
    3435 : 3ef9;
    3436 : 3efa;
    3437 : 3efb;
    3438 : 3efc;
    3439 : 3efc;
    3440 : 3efd;
    3441 : 3efe;
    3442 : 3eff;
    3443 : 3eff;
    3444 : 3f00;
    3445 : 3f01;
    3446 : 3f02;
    3447 : 3f03;
    3448 : 3f03;
    3449 : 3f04;
    3450 : 3f05;
    3451 : 3f06;
    3452 : 3f06;
    3453 : 3f07;
    3454 : 3f08;
    3455 : 3f09;
    3456 : 3f0a;
    3457 : 3f0a;
    3458 : 3f0b;
    3459 : 3f0c;
    3460 : 3f0d;
    3461 : 3f0d;
    3462 : 3f0e;
    3463 : 3f0f;
    3464 : 3f10;
    3465 : 3f10;
    3466 : 3f11;
    3467 : 3f12;
    3468 : 3f13;
    3469 : 3f13;
    3470 : 3f14;
    3471 : 3f15;
    3472 : 3f16;
    3473 : 3f16;
    3474 : 3f17;
    3475 : 3f18;
    3476 : 3f19;
    3477 : 3f19;
    3478 : 3f1a;
    3479 : 3f1b;
    3480 : 3f1b;
    3481 : 3f1c;
    3482 : 3f1d;
    3483 : 3f1e;
    3484 : 3f1e;
    3485 : 3f1f;
    3486 : 3f20;
    3487 : 3f21;
    3488 : 3f21;
    3489 : 3f22;
    3490 : 3f23;
    3491 : 3f24;
    3492 : 3f24;
    3493 : 3f25;
    3494 : 3f26;
    3495 : 3f26;
    3496 : 3f27;
    3497 : 3f28;
    3498 : 3f29;
    3499 : 3f29;
    3500 : 3f2a;
    3501 : 3f2b;
    3502 : 3f2b;
    3503 : 3f2c;
    3504 : 3f2d;
    3505 : 3f2e;
    3506 : 3f2e;
    3507 : 3f2f;
    3508 : 3f30;
    3509 : 3f30;
    3510 : 3f31;
    3511 : 3f32;
    3512 : 3f32;
    3513 : 3f33;
    3514 : 3f34;
    3515 : 3f35;
    3516 : 3f35;
    3517 : 3f36;
    3518 : 3f37;
    3519 : 3f37;
    3520 : 3f38;
    3521 : 3f39;
    3522 : 3f39;
    3523 : 3f3a;
    3524 : 3f3b;
    3525 : 3f3b;
    3526 : 3f3c;
    3527 : 3f3d;
    3528 : 3f3d;
    3529 : 3f3e;
    3530 : 3f3f;
    3531 : 3f3f;
    3532 : 3f40;
    3533 : 3f41;
    3534 : 3f41;
    3535 : 3f42;
    3536 : 3f43;
    3537 : 3f43;
    3538 : 3f44;
    3539 : 3f45;
    3540 : 3f45;
    3541 : 3f46;
    3542 : 3f47;
    3543 : 3f47;
    3544 : 3f48;
    3545 : 3f49;
    3546 : 3f49;
    3547 : 3f4a;
    3548 : 3f4b;
    3549 : 3f4b;
    3550 : 3f4c;
    3551 : 3f4d;
    3552 : 3f4d;
    3553 : 3f4e;
    3554 : 3f4f;
    3555 : 3f4f;
    3556 : 3f50;
    3557 : 3f51;
    3558 : 3f51;
    3559 : 3f52;
    3560 : 3f53;
    3561 : 3f53;
    3562 : 3f54;
    3563 : 3f54;
    3564 : 3f55;
    3565 : 3f56;
    3566 : 3f56;
    3567 : 3f57;
    3568 : 3f58;
    3569 : 3f58;
    3570 : 3f59;
    3571 : 3f5a;
    3572 : 3f5a;
    3573 : 3f5b;
    3574 : 3f5b;
    3575 : 3f5c;
    3576 : 3f5d;
    3577 : 3f5d;
    3578 : 3f5e;
    3579 : 3f5f;
    3580 : 3f5f;
    3581 : 3f60;
    3582 : 3f60;
    3583 : 3f61;
    3584 : 3f62;
    3585 : 3f62;
    3586 : 3f63;
    3587 : 3f63;
    3588 : 3f64;
    3589 : 3f65;
    3590 : 3f65;
    3591 : 3f66;
    3592 : 3f66;
    3593 : 3f67;
    3594 : 3f68;
    3595 : 3f68;
    3596 : 3f69;
    3597 : 3f69;
    3598 : 3f6a;
    3599 : 3f6b;
    3600 : 3f6b;
    3601 : 3f6c;
    3602 : 3f6c;
    3603 : 3f6d;
    3604 : 3f6e;
    3605 : 3f6e;
    3606 : 3f6f;
    3607 : 3f6f;
    3608 : 3f70;
    3609 : 3f71;
    3610 : 3f71;
    3611 : 3f72;
    3612 : 3f72;
    3613 : 3f73;
    3614 : 3f73;
    3615 : 3f74;
    3616 : 3f75;
    3617 : 3f75;
    3618 : 3f76;
    3619 : 3f76;
    3620 : 3f77;
    3621 : 3f77;
    3622 : 3f78;
    3623 : 3f79;
    3624 : 3f79;
    3625 : 3f7a;
    3626 : 3f7a;
    3627 : 3f7b;
    3628 : 3f7b;
    3629 : 3f7c;
    3630 : 3f7d;
    3631 : 3f7d;
    3632 : 3f7e;
    3633 : 3f7e;
    3634 : 3f7f;
    3635 : 3f7f;
    3636 : 3f80;
    3637 : 3f80;
    3638 : 3f81;
    3639 : 3f82;
    3640 : 3f82;
    3641 : 3f83;
    3642 : 3f83;
    3643 : 3f84;
    3644 : 3f84;
    3645 : 3f85;
    3646 : 3f85;
    3647 : 3f86;
    3648 : 3f86;
    3649 : 3f87;
    3650 : 3f87;
    3651 : 3f88;
    3652 : 3f89;
    3653 : 3f89;
    3654 : 3f8a;
    3655 : 3f8a;
    3656 : 3f8b;
    3657 : 3f8b;
    3658 : 3f8c;
    3659 : 3f8c;
    3660 : 3f8d;
    3661 : 3f8d;
    3662 : 3f8e;
    3663 : 3f8e;
    3664 : 3f8f;
    3665 : 3f8f;
    3666 : 3f90;
    3667 : 3f90;
    3668 : 3f91;
    3669 : 3f91;
    3670 : 3f92;
    3671 : 3f92;
    3672 : 3f93;
    3673 : 3f93;
    3674 : 3f94;
    3675 : 3f94;
    3676 : 3f95;
    3677 : 3f95;
    3678 : 3f96;
    3679 : 3f96;
    3680 : 3f97;
    3681 : 3f97;
    3682 : 3f98;
    3683 : 3f98;
    3684 : 3f99;
    3685 : 3f99;
    3686 : 3f9a;
    3687 : 3f9a;
    3688 : 3f9b;
    3689 : 3f9b;
    3690 : 3f9c;
    3691 : 3f9c;
    3692 : 3f9d;
    3693 : 3f9d;
    3694 : 3f9e;
    3695 : 3f9e;
    3696 : 3f9f;
    3697 : 3f9f;
    3698 : 3fa0;
    3699 : 3fa0;
    3700 : 3fa1;
    3701 : 3fa1;
    3702 : 3fa2;
    3703 : 3fa2;
    3704 : 3fa3;
    3705 : 3fa3;
    3706 : 3fa4;
    3707 : 3fa4;
    3708 : 3fa4;
    3709 : 3fa5;
    3710 : 3fa5;
    3711 : 3fa6;
    3712 : 3fa6;
    3713 : 3fa7;
    3714 : 3fa7;
    3715 : 3fa8;
    3716 : 3fa8;
    3717 : 3fa9;
    3718 : 3fa9;
    3719 : 3faa;
    3720 : 3faa;
    3721 : 3faa;
    3722 : 3fab;
    3723 : 3fab;
    3724 : 3fac;
    3725 : 3fac;
    3726 : 3fad;
    3727 : 3fad;
    3728 : 3fae;
    3729 : 3fae;
    3730 : 3fae;
    3731 : 3faf;
    3732 : 3faf;
    3733 : 3fb0;
    3734 : 3fb0;
    3735 : 3fb1;
    3736 : 3fb1;
    3737 : 3fb1;
    3738 : 3fb2;
    3739 : 3fb2;
    3740 : 3fb3;
    3741 : 3fb3;
    3742 : 3fb4;
    3743 : 3fb4;
    3744 : 3fb4;
    3745 : 3fb5;
    3746 : 3fb5;
    3747 : 3fb6;
    3748 : 3fb6;
    3749 : 3fb7;
    3750 : 3fb7;
    3751 : 3fb7;
    3752 : 3fb8;
    3753 : 3fb8;
    3754 : 3fb9;
    3755 : 3fb9;
    3756 : 3fb9;
    3757 : 3fba;
    3758 : 3fba;
    3759 : 3fbb;
    3760 : 3fbb;
    3761 : 3fbb;
    3762 : 3fbc;
    3763 : 3fbc;
    3764 : 3fbd;
    3765 : 3fbd;
    3766 : 3fbd;
    3767 : 3fbe;
    3768 : 3fbe;
    3769 : 3fbf;
    3770 : 3fbf;
    3771 : 3fbf;
    3772 : 3fc0;
    3773 : 3fc0;
    3774 : 3fc1;
    3775 : 3fc1;
    3776 : 3fc1;
    3777 : 3fc2;
    3778 : 3fc2;
    3779 : 3fc3;
    3780 : 3fc3;
    3781 : 3fc3;
    3782 : 3fc4;
    3783 : 3fc4;
    3784 : 3fc4;
    3785 : 3fc5;
    3786 : 3fc5;
    3787 : 3fc6;
    3788 : 3fc6;
    3789 : 3fc6;
    3790 : 3fc7;
    3791 : 3fc7;
    3792 : 3fc7;
    3793 : 3fc8;
    3794 : 3fc8;
    3795 : 3fc8;
    3796 : 3fc9;
    3797 : 3fc9;
    3798 : 3fca;
    3799 : 3fca;
    3800 : 3fca;
    3801 : 3fcb;
    3802 : 3fcb;
    3803 : 3fcb;
    3804 : 3fcc;
    3805 : 3fcc;
    3806 : 3fcc;
    3807 : 3fcd;
    3808 : 3fcd;
    3809 : 3fcd;
    3810 : 3fce;
    3811 : 3fce;
    3812 : 3fce;
    3813 : 3fcf;
    3814 : 3fcf;
    3815 : 3fcf;
    3816 : 3fd0;
    3817 : 3fd0;
    3818 : 3fd0;
    3819 : 3fd1;
    3820 : 3fd1;
    3821 : 3fd1;
    3822 : 3fd2;
    3823 : 3fd2;
    3824 : 3fd2;
    3825 : 3fd3;
    3826 : 3fd3;
    3827 : 3fd3;
    3828 : 3fd4;
    3829 : 3fd4;
    3830 : 3fd4;
    3831 : 3fd5;
    3832 : 3fd5;
    3833 : 3fd5;
    3834 : 3fd6;
    3835 : 3fd6;
    3836 : 3fd6;
    3837 : 3fd7;
    3838 : 3fd7;
    3839 : 3fd7;
    3840 : 3fd8;
    3841 : 3fd8;
    3842 : 3fd8;
    3843 : 3fd8;
    3844 : 3fd9;
    3845 : 3fd9;
    3846 : 3fd9;
    3847 : 3fda;
    3848 : 3fda;
    3849 : 3fda;
    3850 : 3fdb;
    3851 : 3fdb;
    3852 : 3fdb;
    3853 : 3fdb;
    3854 : 3fdc;
    3855 : 3fdc;
    3856 : 3fdc;
    3857 : 3fdd;
    3858 : 3fdd;
    3859 : 3fdd;
    3860 : 3fdd;
    3861 : 3fde;
    3862 : 3fde;
    3863 : 3fde;
    3864 : 3fdf;
    3865 : 3fdf;
    3866 : 3fdf;
    3867 : 3fdf;
    3868 : 3fe0;
    3869 : 3fe0;
    3870 : 3fe0;
    3871 : 3fe1;
    3872 : 3fe1;
    3873 : 3fe1;
    3874 : 3fe1;
    3875 : 3fe2;
    3876 : 3fe2;
    3877 : 3fe2;
    3878 : 3fe2;
    3879 : 3fe3;
    3880 : 3fe3;
    3881 : 3fe3;
    3882 : 3fe3;
    3883 : 3fe4;
    3884 : 3fe4;
    3885 : 3fe4;
    3886 : 3fe4;
    3887 : 3fe5;
    3888 : 3fe5;
    3889 : 3fe5;
    3890 : 3fe5;
    3891 : 3fe6;
    3892 : 3fe6;
    3893 : 3fe6;
    3894 : 3fe6;
    3895 : 3fe7;
    3896 : 3fe7;
    3897 : 3fe7;
    3898 : 3fe7;
    3899 : 3fe8;
    3900 : 3fe8;
    3901 : 3fe8;
    3902 : 3fe8;
    3903 : 3fe9;
    3904 : 3fe9;
    3905 : 3fe9;
    3906 : 3fe9;
    3907 : 3fe9;
    3908 : 3fea;
    3909 : 3fea;
    3910 : 3fea;
    3911 : 3fea;
    3912 : 3feb;
    3913 : 3feb;
    3914 : 3feb;
    3915 : 3feb;
    3916 : 3feb;
    3917 : 3fec;
    3918 : 3fec;
    3919 : 3fec;
    3920 : 3fec;
    3921 : 3fed;
    3922 : 3fed;
    3923 : 3fed;
    3924 : 3fed;
    3925 : 3fed;
    3926 : 3fee;
    3927 : 3fee;
    3928 : 3fee;
    3929 : 3fee;
    3930 : 3fee;
    3931 : 3fef;
    3932 : 3fef;
    3933 : 3fef;
    3934 : 3fef;
    3935 : 3fef;
    3936 : 3ff0;
    3937 : 3ff0;
    3938 : 3ff0;
    3939 : 3ff0;
    3940 : 3ff0;
    3941 : 3ff1;
    3942 : 3ff1;
    3943 : 3ff1;
    3944 : 3ff1;
    3945 : 3ff1;
    3946 : 3ff1;
    3947 : 3ff2;
    3948 : 3ff2;
    3949 : 3ff2;
    3950 : 3ff2;
    3951 : 3ff2;
    3952 : 3ff3;
    3953 : 3ff3;
    3954 : 3ff3;
    3955 : 3ff3;
    3956 : 3ff3;
    3957 : 3ff3;
    3958 : 3ff4;
    3959 : 3ff4;
    3960 : 3ff4;
    3961 : 3ff4;
    3962 : 3ff4;
    3963 : 3ff4;
    3964 : 3ff5;
    3965 : 3ff5;
    3966 : 3ff5;
    3967 : 3ff5;
    3968 : 3ff5;
    3969 : 3ff5;
    3970 : 3ff5;
    3971 : 3ff6;
    3972 : 3ff6;
    3973 : 3ff6;
    3974 : 3ff6;
    3975 : 3ff6;
    3976 : 3ff6;
    3977 : 3ff6;
    3978 : 3ff7;
    3979 : 3ff7;
    3980 : 3ff7;
    3981 : 3ff7;
    3982 : 3ff7;
    3983 : 3ff7;
    3984 : 3ff7;
    3985 : 3ff8;
    3986 : 3ff8;
    3987 : 3ff8;
    3988 : 3ff8;
    3989 : 3ff8;
    3990 : 3ff8;
    3991 : 3ff8;
    3992 : 3ff8;
    3993 : 3ff9;
    3994 : 3ff9;
    3995 : 3ff9;
    3996 : 3ff9;
    3997 : 3ff9;
    3998 : 3ff9;
    3999 : 3ff9;
    4000 : 3ff9;
    4001 : 3ffa;
    4002 : 3ffa;
    4003 : 3ffa;
    4004 : 3ffa;
    4005 : 3ffa;
    4006 : 3ffa;
    4007 : 3ffa;
    4008 : 3ffa;
    4009 : 3ffa;
    4010 : 3ffb;
    4011 : 3ffb;
    4012 : 3ffb;
    4013 : 3ffb;
    4014 : 3ffb;
    4015 : 3ffb;
    4016 : 3ffb;
    4017 : 3ffb;
    4018 : 3ffb;
    4019 : 3ffb;
    4020 : 3ffc;
    4021 : 3ffc;
    4022 : 3ffc;
    4023 : 3ffc;
    4024 : 3ffc;
    4025 : 3ffc;
    4026 : 3ffc;
    4027 : 3ffc;
    4028 : 3ffc;
    4029 : 3ffc;
    4030 : 3ffc;
    4031 : 3ffc;
    4032 : 3ffd;
    4033 : 3ffd;
    4034 : 3ffd;
    4035 : 3ffd;
    4036 : 3ffd;
    4037 : 3ffd;
    4038 : 3ffd;
    4039 : 3ffd;
    4040 : 3ffd;
    4041 : 3ffd;
    4042 : 3ffd;
    4043 : 3ffd;
    4044 : 3ffd;
    4045 : 3ffd;
    4046 : 3ffd;
    4047 : 3ffe;
    4048 : 3ffe;
    4049 : 3ffe;
    4050 : 3ffe;
    4051 : 3ffe;
    4052 : 3ffe;
    4053 : 3ffe;
    4054 : 3ffe;
    4055 : 3ffe;
    4056 : 3ffe;
    4057 : 3ffe;
    4058 : 3ffe;
    4059 : 3ffe;
    4060 : 3ffe;
    4061 : 3ffe;
    4062 : 3ffe;
    4063 : 3ffe;
    4064 : 3ffe;
    4065 : 3ffe;
    4066 : 3ffe;
    4067 : 3ffe;
    4068 : 3fff;
    4069 : 3fff;
    4070 : 3fff;
    4071 : 3fff;
    4072 : 3fff;
    4073 : 3fff;
    4074 : 3fff;
    4075 : 3fff;
    4076 : 3fff;
    4077 : 3fff;
    4078 : 3fff;
    4079 : 3fff;
    4080 : 3fff;
    4081 : 3fff;
    4082 : 3fff;
    4083 : 3fff;
    4084 : 3fff;
    4085 : 3fff;
    4086 : 3fff;
    4087 : 3fff;
    4088 : 3fff;
    4089 : 3fff;
    4090 : 3fff;
    4091 : 3fff;
    4092 : 3fff;
    4093 : 3fff;
    4094 : 3fff;
    4095 : 3fff;
    4096 : 3fff;
    4097 : 3fff;
    4098 : 3fff;
    4099 : 3fff;
    4100 : 3fff;
    4101 : 3fff;
    4102 : 3fff;
    4103 : 3fff;
    4104 : 3fff;
    4105 : 3fff;
    4106 : 3fff;
    4107 : 3fff;
    4108 : 3fff;
    4109 : 3fff;
    4110 : 3fff;
    4111 : 3fff;
    4112 : 3fff;
    4113 : 3fff;
    4114 : 3fff;
    4115 : 3fff;
    4116 : 3fff;
    4117 : 3fff;
    4118 : 3fff;
    4119 : 3fff;
    4120 : 3fff;
    4121 : 3fff;
    4122 : 3fff;
    4123 : 3fff;
    4124 : 3fff;
    4125 : 3ffe;
    4126 : 3ffe;
    4127 : 3ffe;
    4128 : 3ffe;
    4129 : 3ffe;
    4130 : 3ffe;
    4131 : 3ffe;
    4132 : 3ffe;
    4133 : 3ffe;
    4134 : 3ffe;
    4135 : 3ffe;
    4136 : 3ffe;
    4137 : 3ffe;
    4138 : 3ffe;
    4139 : 3ffe;
    4140 : 3ffe;
    4141 : 3ffe;
    4142 : 3ffe;
    4143 : 3ffe;
    4144 : 3ffe;
    4145 : 3ffe;
    4146 : 3ffd;
    4147 : 3ffd;
    4148 : 3ffd;
    4149 : 3ffd;
    4150 : 3ffd;
    4151 : 3ffd;
    4152 : 3ffd;
    4153 : 3ffd;
    4154 : 3ffd;
    4155 : 3ffd;
    4156 : 3ffd;
    4157 : 3ffd;
    4158 : 3ffd;
    4159 : 3ffd;
    4160 : 3ffd;
    4161 : 3ffc;
    4162 : 3ffc;
    4163 : 3ffc;
    4164 : 3ffc;
    4165 : 3ffc;
    4166 : 3ffc;
    4167 : 3ffc;
    4168 : 3ffc;
    4169 : 3ffc;
    4170 : 3ffc;
    4171 : 3ffc;
    4172 : 3ffc;
    4173 : 3ffb;
    4174 : 3ffb;
    4175 : 3ffb;
    4176 : 3ffb;
    4177 : 3ffb;
    4178 : 3ffb;
    4179 : 3ffb;
    4180 : 3ffb;
    4181 : 3ffb;
    4182 : 3ffb;
    4183 : 3ffa;
    4184 : 3ffa;
    4185 : 3ffa;
    4186 : 3ffa;
    4187 : 3ffa;
    4188 : 3ffa;
    4189 : 3ffa;
    4190 : 3ffa;
    4191 : 3ffa;
    4192 : 3ff9;
    4193 : 3ff9;
    4194 : 3ff9;
    4195 : 3ff9;
    4196 : 3ff9;
    4197 : 3ff9;
    4198 : 3ff9;
    4199 : 3ff9;
    4200 : 3ff8;
    4201 : 3ff8;
    4202 : 3ff8;
    4203 : 3ff8;
    4204 : 3ff8;
    4205 : 3ff8;
    4206 : 3ff8;
    4207 : 3ff8;
    4208 : 3ff7;
    4209 : 3ff7;
    4210 : 3ff7;
    4211 : 3ff7;
    4212 : 3ff7;
    4213 : 3ff7;
    4214 : 3ff7;
    4215 : 3ff6;
    4216 : 3ff6;
    4217 : 3ff6;
    4218 : 3ff6;
    4219 : 3ff6;
    4220 : 3ff6;
    4221 : 3ff6;
    4222 : 3ff5;
    4223 : 3ff5;
    4224 : 3ff5;
    4225 : 3ff5;
    4226 : 3ff5;
    4227 : 3ff5;
    4228 : 3ff5;
    4229 : 3ff4;
    4230 : 3ff4;
    4231 : 3ff4;
    4232 : 3ff4;
    4233 : 3ff4;
    4234 : 3ff4;
    4235 : 3ff3;
    4236 : 3ff3;
    4237 : 3ff3;
    4238 : 3ff3;
    4239 : 3ff3;
    4240 : 3ff3;
    4241 : 3ff2;
    4242 : 3ff2;
    4243 : 3ff2;
    4244 : 3ff2;
    4245 : 3ff2;
    4246 : 3ff1;
    4247 : 3ff1;
    4248 : 3ff1;
    4249 : 3ff1;
    4250 : 3ff1;
    4251 : 3ff1;
    4252 : 3ff0;
    4253 : 3ff0;
    4254 : 3ff0;
    4255 : 3ff0;
    4256 : 3ff0;
    4257 : 3fef;
    4258 : 3fef;
    4259 : 3fef;
    4260 : 3fef;
    4261 : 3fef;
    4262 : 3fee;
    4263 : 3fee;
    4264 : 3fee;
    4265 : 3fee;
    4266 : 3fee;
    4267 : 3fed;
    4268 : 3fed;
    4269 : 3fed;
    4270 : 3fed;
    4271 : 3fed;
    4272 : 3fec;
    4273 : 3fec;
    4274 : 3fec;
    4275 : 3fec;
    4276 : 3feb;
    4277 : 3feb;
    4278 : 3feb;
    4279 : 3feb;
    4280 : 3feb;
    4281 : 3fea;
    4282 : 3fea;
    4283 : 3fea;
    4284 : 3fea;
    4285 : 3fe9;
    4286 : 3fe9;
    4287 : 3fe9;
    4288 : 3fe9;
    4289 : 3fe9;
    4290 : 3fe8;
    4291 : 3fe8;
    4292 : 3fe8;
    4293 : 3fe8;
    4294 : 3fe7;
    4295 : 3fe7;
    4296 : 3fe7;
    4297 : 3fe7;
    4298 : 3fe6;
    4299 : 3fe6;
    4300 : 3fe6;
    4301 : 3fe6;
    4302 : 3fe5;
    4303 : 3fe5;
    4304 : 3fe5;
    4305 : 3fe5;
    4306 : 3fe4;
    4307 : 3fe4;
    4308 : 3fe4;
    4309 : 3fe4;
    4310 : 3fe3;
    4311 : 3fe3;
    4312 : 3fe3;
    4313 : 3fe3;
    4314 : 3fe2;
    4315 : 3fe2;
    4316 : 3fe2;
    4317 : 3fe2;
    4318 : 3fe1;
    4319 : 3fe1;
    4320 : 3fe1;
    4321 : 3fe1;
    4322 : 3fe0;
    4323 : 3fe0;
    4324 : 3fe0;
    4325 : 3fdf;
    4326 : 3fdf;
    4327 : 3fdf;
    4328 : 3fdf;
    4329 : 3fde;
    4330 : 3fde;
    4331 : 3fde;
    4332 : 3fdd;
    4333 : 3fdd;
    4334 : 3fdd;
    4335 : 3fdd;
    4336 : 3fdc;
    4337 : 3fdc;
    4338 : 3fdc;
    4339 : 3fdb;
    4340 : 3fdb;
    4341 : 3fdb;
    4342 : 3fdb;
    4343 : 3fda;
    4344 : 3fda;
    4345 : 3fda;
    4346 : 3fd9;
    4347 : 3fd9;
    4348 : 3fd9;
    4349 : 3fd8;
    4350 : 3fd8;
    4351 : 3fd8;
    4352 : 3fd8;
    4353 : 3fd7;
    4354 : 3fd7;
    4355 : 3fd7;
    4356 : 3fd6;
    4357 : 3fd6;
    4358 : 3fd6;
    4359 : 3fd5;
    4360 : 3fd5;
    4361 : 3fd5;
    4362 : 3fd4;
    4363 : 3fd4;
    4364 : 3fd4;
    4365 : 3fd3;
    4366 : 3fd3;
    4367 : 3fd3;
    4368 : 3fd2;
    4369 : 3fd2;
    4370 : 3fd2;
    4371 : 3fd1;
    4372 : 3fd1;
    4373 : 3fd1;
    4374 : 3fd0;
    4375 : 3fd0;
    4376 : 3fd0;
    4377 : 3fcf;
    4378 : 3fcf;
    4379 : 3fcf;
    4380 : 3fce;
    4381 : 3fce;
    4382 : 3fce;
    4383 : 3fcd;
    4384 : 3fcd;
    4385 : 3fcd;
    4386 : 3fcc;
    4387 : 3fcc;
    4388 : 3fcc;
    4389 : 3fcb;
    4390 : 3fcb;
    4391 : 3fcb;
    4392 : 3fca;
    4393 : 3fca;
    4394 : 3fca;
    4395 : 3fc9;
    4396 : 3fc9;
    4397 : 3fc8;
    4398 : 3fc8;
    4399 : 3fc8;
    4400 : 3fc7;
    4401 : 3fc7;
    4402 : 3fc7;
    4403 : 3fc6;
    4404 : 3fc6;
    4405 : 3fc6;
    4406 : 3fc5;
    4407 : 3fc5;
    4408 : 3fc4;
    4409 : 3fc4;
    4410 : 3fc4;
    4411 : 3fc3;
    4412 : 3fc3;
    4413 : 3fc3;
    4414 : 3fc2;
    4415 : 3fc2;
    4416 : 3fc1;
    4417 : 3fc1;
    4418 : 3fc1;
    4419 : 3fc0;
    4420 : 3fc0;
    4421 : 3fbf;
    4422 : 3fbf;
    4423 : 3fbf;
    4424 : 3fbe;
    4425 : 3fbe;
    4426 : 3fbd;
    4427 : 3fbd;
    4428 : 3fbd;
    4429 : 3fbc;
    4430 : 3fbc;
    4431 : 3fbb;
    4432 : 3fbb;
    4433 : 3fbb;
    4434 : 3fba;
    4435 : 3fba;
    4436 : 3fb9;
    4437 : 3fb9;
    4438 : 3fb9;
    4439 : 3fb8;
    4440 : 3fb8;
    4441 : 3fb7;
    4442 : 3fb7;
    4443 : 3fb7;
    4444 : 3fb6;
    4445 : 3fb6;
    4446 : 3fb5;
    4447 : 3fb5;
    4448 : 3fb4;
    4449 : 3fb4;
    4450 : 3fb4;
    4451 : 3fb3;
    4452 : 3fb3;
    4453 : 3fb2;
    4454 : 3fb2;
    4455 : 3fb1;
    4456 : 3fb1;
    4457 : 3fb1;
    4458 : 3fb0;
    4459 : 3fb0;
    4460 : 3faf;
    4461 : 3faf;
    4462 : 3fae;
    4463 : 3fae;
    4464 : 3fae;
    4465 : 3fad;
    4466 : 3fad;
    4467 : 3fac;
    4468 : 3fac;
    4469 : 3fab;
    4470 : 3fab;
    4471 : 3faa;
    4472 : 3faa;
    4473 : 3faa;
    4474 : 3fa9;
    4475 : 3fa9;
    4476 : 3fa8;
    4477 : 3fa8;
    4478 : 3fa7;
    4479 : 3fa7;
    4480 : 3fa6;
    4481 : 3fa6;
    4482 : 3fa5;
    4483 : 3fa5;
    4484 : 3fa4;
    4485 : 3fa4;
    4486 : 3fa4;
    4487 : 3fa3;
    4488 : 3fa3;
    4489 : 3fa2;
    4490 : 3fa2;
    4491 : 3fa1;
    4492 : 3fa1;
    4493 : 3fa0;
    4494 : 3fa0;
    4495 : 3f9f;
    4496 : 3f9f;
    4497 : 3f9e;
    4498 : 3f9e;
    4499 : 3f9d;
    4500 : 3f9d;
    4501 : 3f9c;
    4502 : 3f9c;
    4503 : 3f9b;
    4504 : 3f9b;
    4505 : 3f9a;
    4506 : 3f9a;
    4507 : 3f99;
    4508 : 3f99;
    4509 : 3f98;
    4510 : 3f98;
    4511 : 3f97;
    4512 : 3f97;
    4513 : 3f96;
    4514 : 3f96;
    4515 : 3f95;
    4516 : 3f95;
    4517 : 3f94;
    4518 : 3f94;
    4519 : 3f93;
    4520 : 3f93;
    4521 : 3f92;
    4522 : 3f92;
    4523 : 3f91;
    4524 : 3f91;
    4525 : 3f90;
    4526 : 3f90;
    4527 : 3f8f;
    4528 : 3f8f;
    4529 : 3f8e;
    4530 : 3f8e;
    4531 : 3f8d;
    4532 : 3f8d;
    4533 : 3f8c;
    4534 : 3f8c;
    4535 : 3f8b;
    4536 : 3f8b;
    4537 : 3f8a;
    4538 : 3f8a;
    4539 : 3f89;
    4540 : 3f89;
    4541 : 3f88;
    4542 : 3f87;
    4543 : 3f87;
    4544 : 3f86;
    4545 : 3f86;
    4546 : 3f85;
    4547 : 3f85;
    4548 : 3f84;
    4549 : 3f84;
    4550 : 3f83;
    4551 : 3f83;
    4552 : 3f82;
    4553 : 3f82;
    4554 : 3f81;
    4555 : 3f80;
    4556 : 3f80;
    4557 : 3f7f;
    4558 : 3f7f;
    4559 : 3f7e;
    4560 : 3f7e;
    4561 : 3f7d;
    4562 : 3f7d;
    4563 : 3f7c;
    4564 : 3f7b;
    4565 : 3f7b;
    4566 : 3f7a;
    4567 : 3f7a;
    4568 : 3f79;
    4569 : 3f79;
    4570 : 3f78;
    4571 : 3f77;
    4572 : 3f77;
    4573 : 3f76;
    4574 : 3f76;
    4575 : 3f75;
    4576 : 3f75;
    4577 : 3f74;
    4578 : 3f73;
    4579 : 3f73;
    4580 : 3f72;
    4581 : 3f72;
    4582 : 3f71;
    4583 : 3f71;
    4584 : 3f70;
    4585 : 3f6f;
    4586 : 3f6f;
    4587 : 3f6e;
    4588 : 3f6e;
    4589 : 3f6d;
    4590 : 3f6c;
    4591 : 3f6c;
    4592 : 3f6b;
    4593 : 3f6b;
    4594 : 3f6a;
    4595 : 3f69;
    4596 : 3f69;
    4597 : 3f68;
    4598 : 3f68;
    4599 : 3f67;
    4600 : 3f66;
    4601 : 3f66;
    4602 : 3f65;
    4603 : 3f65;
    4604 : 3f64;
    4605 : 3f63;
    4606 : 3f63;
    4607 : 3f62;
    4608 : 3f62;
    4609 : 3f61;
    4610 : 3f60;
    4611 : 3f60;
    4612 : 3f5f;
    4613 : 3f5f;
    4614 : 3f5e;
    4615 : 3f5d;
    4616 : 3f5d;
    4617 : 3f5c;
    4618 : 3f5b;
    4619 : 3f5b;
    4620 : 3f5a;
    4621 : 3f5a;
    4622 : 3f59;
    4623 : 3f58;
    4624 : 3f58;
    4625 : 3f57;
    4626 : 3f56;
    4627 : 3f56;
    4628 : 3f55;
    4629 : 3f54;
    4630 : 3f54;
    4631 : 3f53;
    4632 : 3f53;
    4633 : 3f52;
    4634 : 3f51;
    4635 : 3f51;
    4636 : 3f50;
    4637 : 3f4f;
    4638 : 3f4f;
    4639 : 3f4e;
    4640 : 3f4d;
    4641 : 3f4d;
    4642 : 3f4c;
    4643 : 3f4b;
    4644 : 3f4b;
    4645 : 3f4a;
    4646 : 3f49;
    4647 : 3f49;
    4648 : 3f48;
    4649 : 3f47;
    4650 : 3f47;
    4651 : 3f46;
    4652 : 3f45;
    4653 : 3f45;
    4654 : 3f44;
    4655 : 3f43;
    4656 : 3f43;
    4657 : 3f42;
    4658 : 3f41;
    4659 : 3f41;
    4660 : 3f40;
    4661 : 3f3f;
    4662 : 3f3f;
    4663 : 3f3e;
    4664 : 3f3d;
    4665 : 3f3d;
    4666 : 3f3c;
    4667 : 3f3b;
    4668 : 3f3b;
    4669 : 3f3a;
    4670 : 3f39;
    4671 : 3f39;
    4672 : 3f38;
    4673 : 3f37;
    4674 : 3f37;
    4675 : 3f36;
    4676 : 3f35;
    4677 : 3f35;
    4678 : 3f34;
    4679 : 3f33;
    4680 : 3f32;
    4681 : 3f32;
    4682 : 3f31;
    4683 : 3f30;
    4684 : 3f30;
    4685 : 3f2f;
    4686 : 3f2e;
    4687 : 3f2e;
    4688 : 3f2d;
    4689 : 3f2c;
    4690 : 3f2b;
    4691 : 3f2b;
    4692 : 3f2a;
    4693 : 3f29;
    4694 : 3f29;
    4695 : 3f28;
    4696 : 3f27;
    4697 : 3f26;
    4698 : 3f26;
    4699 : 3f25;
    4700 : 3f24;
    4701 : 3f24;
    4702 : 3f23;
    4703 : 3f22;
    4704 : 3f21;
    4705 : 3f21;
    4706 : 3f20;
    4707 : 3f1f;
    4708 : 3f1e;
    4709 : 3f1e;
    4710 : 3f1d;
    4711 : 3f1c;
    4712 : 3f1b;
    4713 : 3f1b;
    4714 : 3f1a;
    4715 : 3f19;
    4716 : 3f19;
    4717 : 3f18;
    4718 : 3f17;
    4719 : 3f16;
    4720 : 3f16;
    4721 : 3f15;
    4722 : 3f14;
    4723 : 3f13;
    4724 : 3f13;
    4725 : 3f12;
    4726 : 3f11;
    4727 : 3f10;
    4728 : 3f10;
    4729 : 3f0f;
    4730 : 3f0e;
    4731 : 3f0d;
    4732 : 3f0d;
    4733 : 3f0c;
    4734 : 3f0b;
    4735 : 3f0a;
    4736 : 3f0a;
    4737 : 3f09;
    4738 : 3f08;
    4739 : 3f07;
    4740 : 3f06;
    4741 : 3f06;
    4742 : 3f05;
    4743 : 3f04;
    4744 : 3f03;
    4745 : 3f03;
    4746 : 3f02;
    4747 : 3f01;
    4748 : 3f00;
    4749 : 3eff;
    4750 : 3eff;
    4751 : 3efe;
    4752 : 3efd;
    4753 : 3efc;
    4754 : 3efc;
    4755 : 3efb;
    4756 : 3efa;
    4757 : 3ef9;
    4758 : 3ef8;
    4759 : 3ef8;
    4760 : 3ef7;
    4761 : 3ef6;
    4762 : 3ef5;
    4763 : 3ef4;
    4764 : 3ef4;
    4765 : 3ef3;
    4766 : 3ef2;
    4767 : 3ef1;
    4768 : 3ef0;
    4769 : 3ef0;
    4770 : 3eef;
    4771 : 3eee;
    4772 : 3eed;
    4773 : 3eec;
    4774 : 3eec;
    4775 : 3eeb;
    4776 : 3eea;
    4777 : 3ee9;
    4778 : 3ee8;
    4779 : 3ee8;
    4780 : 3ee7;
    4781 : 3ee6;
    4782 : 3ee5;
    4783 : 3ee4;
    4784 : 3ee4;
    4785 : 3ee3;
    4786 : 3ee2;
    4787 : 3ee1;
    4788 : 3ee0;
    4789 : 3edf;
    4790 : 3edf;
    4791 : 3ede;
    4792 : 3edd;
    4793 : 3edc;
    4794 : 3edb;
    4795 : 3eda;
    4796 : 3eda;
    4797 : 3ed9;
    4798 : 3ed8;
    4799 : 3ed7;
    4800 : 3ed6;
    4801 : 3ed5;
    4802 : 3ed5;
    4803 : 3ed4;
    4804 : 3ed3;
    4805 : 3ed2;
    4806 : 3ed1;
    4807 : 3ed0;
    4808 : 3ed0;
    4809 : 3ecf;
    4810 : 3ece;
    4811 : 3ecd;
    4812 : 3ecc;
    4813 : 3ecb;
    4814 : 3eca;
    4815 : 3eca;
    4816 : 3ec9;
    4817 : 3ec8;
    4818 : 3ec7;
    4819 : 3ec6;
    4820 : 3ec5;
    4821 : 3ec4;
    4822 : 3ec4;
    4823 : 3ec3;
    4824 : 3ec2;
    4825 : 3ec1;
    4826 : 3ec0;
    4827 : 3ebf;
    4828 : 3ebe;
    4829 : 3ebd;
    4830 : 3ebd;
    4831 : 3ebc;
    4832 : 3ebb;
    4833 : 3eba;
    4834 : 3eb9;
    4835 : 3eb8;
    4836 : 3eb7;
    4837 : 3eb6;
    4838 : 3eb6;
    4839 : 3eb5;
    4840 : 3eb4;
    4841 : 3eb3;
    4842 : 3eb2;
    4843 : 3eb1;
    4844 : 3eb0;
    4845 : 3eaf;
    4846 : 3eaf;
    4847 : 3eae;
    4848 : 3ead;
    4849 : 3eac;
    4850 : 3eab;
    4851 : 3eaa;
    4852 : 3ea9;
    4853 : 3ea8;
    4854 : 3ea7;
    4855 : 3ea6;
    4856 : 3ea6;
    4857 : 3ea5;
    4858 : 3ea4;
    4859 : 3ea3;
    4860 : 3ea2;
    4861 : 3ea1;
    4862 : 3ea0;
    4863 : 3e9f;
    4864 : 3e9e;
    4865 : 3e9d;
    4866 : 3e9c;
    4867 : 3e9c;
    4868 : 3e9b;
    4869 : 3e9a;
    4870 : 3e99;
    4871 : 3e98;
    4872 : 3e97;
    4873 : 3e96;
    4874 : 3e95;
    4875 : 3e94;
    4876 : 3e93;
    4877 : 3e92;
    4878 : 3e91;
    4879 : 3e90;
    4880 : 3e90;
    4881 : 3e8f;
    4882 : 3e8e;
    4883 : 3e8d;
    4884 : 3e8c;
    4885 : 3e8b;
    4886 : 3e8a;
    4887 : 3e89;
    4888 : 3e88;
    4889 : 3e87;
    4890 : 3e86;
    4891 : 3e85;
    4892 : 3e84;
    4893 : 3e83;
    4894 : 3e82;
    4895 : 3e81;
    4896 : 3e81;
    4897 : 3e80;
    4898 : 3e7f;
    4899 : 3e7e;
    4900 : 3e7d;
    4901 : 3e7c;
    4902 : 3e7b;
    4903 : 3e7a;
    4904 : 3e79;
    4905 : 3e78;
    4906 : 3e77;
    4907 : 3e76;
    4908 : 3e75;
    4909 : 3e74;
    4910 : 3e73;
    4911 : 3e72;
    4912 : 3e71;
    4913 : 3e70;
    4914 : 3e6f;
    4915 : 3e6e;
    4916 : 3e6d;
    4917 : 3e6c;
    4918 : 3e6b;
    4919 : 3e6a;
    4920 : 3e69;
    4921 : 3e68;
    4922 : 3e67;
    4923 : 3e66;
    4924 : 3e65;
    4925 : 3e65;
    4926 : 3e64;
    4927 : 3e63;
    4928 : 3e62;
    4929 : 3e61;
    4930 : 3e60;
    4931 : 3e5f;
    4932 : 3e5e;
    4933 : 3e5d;
    4934 : 3e5c;
    4935 : 3e5b;
    4936 : 3e5a;
    4937 : 3e59;
    4938 : 3e58;
    4939 : 3e57;
    4940 : 3e56;
    4941 : 3e55;
    4942 : 3e54;
    4943 : 3e53;
    4944 : 3e52;
    4945 : 3e51;
    4946 : 3e50;
    4947 : 3e4f;
    4948 : 3e4e;
    4949 : 3e4d;
    4950 : 3e4c;
    4951 : 3e4b;
    4952 : 3e4a;
    4953 : 3e49;
    4954 : 3e48;
    4955 : 3e47;
    4956 : 3e46;
    4957 : 3e45;
    4958 : 3e43;
    4959 : 3e42;
    4960 : 3e41;
    4961 : 3e40;
    4962 : 3e3f;
    4963 : 3e3e;
    4964 : 3e3d;
    4965 : 3e3c;
    4966 : 3e3b;
    4967 : 3e3a;
    4968 : 3e39;
    4969 : 3e38;
    4970 : 3e37;
    4971 : 3e36;
    4972 : 3e35;
    4973 : 3e34;
    4974 : 3e33;
    4975 : 3e32;
    4976 : 3e31;
    4977 : 3e30;
    4978 : 3e2f;
    4979 : 3e2e;
    4980 : 3e2d;
    4981 : 3e2c;
    4982 : 3e2b;
    4983 : 3e2a;
    4984 : 3e29;
    4985 : 3e28;
    4986 : 3e26;
    4987 : 3e25;
    4988 : 3e24;
    4989 : 3e23;
    4990 : 3e22;
    4991 : 3e21;
    4992 : 3e20;
    4993 : 3e1f;
    4994 : 3e1e;
    4995 : 3e1d;
    4996 : 3e1c;
    4997 : 3e1b;
    4998 : 3e1a;
    4999 : 3e19;
    5000 : 3e18;
    5001 : 3e17;
    5002 : 3e16;
    5003 : 3e14;
    5004 : 3e13;
    5005 : 3e12;
    5006 : 3e11;
    5007 : 3e10;
    5008 : 3e0f;
    5009 : 3e0e;
    5010 : 3e0d;
    5011 : 3e0c;
    5012 : 3e0b;
    5013 : 3e0a;
    5014 : 3e09;
    5015 : 3e08;
    5016 : 3e06;
    5017 : 3e05;
    5018 : 3e04;
    5019 : 3e03;
    5020 : 3e02;
    5021 : 3e01;
    5022 : 3e00;
    5023 : 3dff;
    5024 : 3dfe;
    5025 : 3dfd;
    5026 : 3dfc;
    5027 : 3dfa;
    5028 : 3df9;
    5029 : 3df8;
    5030 : 3df7;
    5031 : 3df6;
    5032 : 3df5;
    5033 : 3df4;
    5034 : 3df3;
    5035 : 3df2;
    5036 : 3df0;
    5037 : 3def;
    5038 : 3dee;
    5039 : 3ded;
    5040 : 3dec;
    5041 : 3deb;
    5042 : 3dea;
    5043 : 3de9;
    5044 : 3de8;
    5045 : 3de6;
    5046 : 3de5;
    5047 : 3de4;
    5048 : 3de3;
    5049 : 3de2;
    5050 : 3de1;
    5051 : 3de0;
    5052 : 3ddf;
    5053 : 3ddd;
    5054 : 3ddc;
    5055 : 3ddb;
    5056 : 3dda;
    5057 : 3dd9;
    5058 : 3dd8;
    5059 : 3dd7;
    5060 : 3dd6;
    5061 : 3dd4;
    5062 : 3dd3;
    5063 : 3dd2;
    5064 : 3dd1;
    5065 : 3dd0;
    5066 : 3dcf;
    5067 : 3dce;
    5068 : 3dcc;
    5069 : 3dcb;
    5070 : 3dca;
    5071 : 3dc9;
    5072 : 3dc8;
    5073 : 3dc7;
    5074 : 3dc6;
    5075 : 3dc4;
    5076 : 3dc3;
    5077 : 3dc2;
    5078 : 3dc1;
    5079 : 3dc0;
    5080 : 3dbf;
    5081 : 3dbd;
    5082 : 3dbc;
    5083 : 3dbb;
    5084 : 3dba;
    5085 : 3db9;
    5086 : 3db8;
    5087 : 3db7;
    5088 : 3db5;
    5089 : 3db4;
    5090 : 3db3;
    5091 : 3db2;
    5092 : 3db1;
    5093 : 3db0;
    5094 : 3dae;
    5095 : 3dad;
    5096 : 3dac;
    5097 : 3dab;
    5098 : 3daa;
    5099 : 3da8;
    5100 : 3da7;
    5101 : 3da6;
    5102 : 3da5;
    5103 : 3da4;
    5104 : 3da3;
    5105 : 3da1;
    5106 : 3da0;
    5107 : 3d9f;
    5108 : 3d9e;
    5109 : 3d9d;
    5110 : 3d9b;
    5111 : 3d9a;
    5112 : 3d99;
    5113 : 3d98;
    5114 : 3d97;
    5115 : 3d95;
    5116 : 3d94;
    5117 : 3d93;
    5118 : 3d92;
    5119 : 3d91;
    5120 : 3d8f;
    5121 : 3d8e;
    5122 : 3d8d;
    5123 : 3d8c;
    5124 : 3d8b;
    5125 : 3d89;
    5126 : 3d88;
    5127 : 3d87;
    5128 : 3d86;
    5129 : 3d85;
    5130 : 3d83;
    5131 : 3d82;
    5132 : 3d81;
    5133 : 3d80;
    5134 : 3d7f;
    5135 : 3d7d;
    5136 : 3d7c;
    5137 : 3d7b;
    5138 : 3d7a;
    5139 : 3d78;
    5140 : 3d77;
    5141 : 3d76;
    5142 : 3d75;
    5143 : 3d74;
    5144 : 3d72;
    5145 : 3d71;
    5146 : 3d70;
    5147 : 3d6f;
    5148 : 3d6d;
    5149 : 3d6c;
    5150 : 3d6b;
    5151 : 3d6a;
    5152 : 3d68;
    5153 : 3d67;
    5154 : 3d66;
    5155 : 3d65;
    5156 : 3d63;
    5157 : 3d62;
    5158 : 3d61;
    5159 : 3d60;
    5160 : 3d5e;
    5161 : 3d5d;
    5162 : 3d5c;
    5163 : 3d5b;
    5164 : 3d59;
    5165 : 3d58;
    5166 : 3d57;
    5167 : 3d56;
    5168 : 3d54;
    5169 : 3d53;
    5170 : 3d52;
    5171 : 3d51;
    5172 : 3d4f;
    5173 : 3d4e;
    5174 : 3d4d;
    5175 : 3d4c;
    5176 : 3d4a;
    5177 : 3d49;
    5178 : 3d48;
    5179 : 3d47;
    5180 : 3d45;
    5181 : 3d44;
    5182 : 3d43;
    5183 : 3d42;
    5184 : 3d40;
    5185 : 3d3f;
    5186 : 3d3e;
    5187 : 3d3c;
    5188 : 3d3b;
    5189 : 3d3a;
    5190 : 3d39;
    5191 : 3d37;
    5192 : 3d36;
    5193 : 3d35;
    5194 : 3d33;
    5195 : 3d32;
    5196 : 3d31;
    5197 : 3d30;
    5198 : 3d2e;
    5199 : 3d2d;
    5200 : 3d2c;
    5201 : 3d2a;
    5202 : 3d29;
    5203 : 3d28;
    5204 : 3d27;
    5205 : 3d25;
    5206 : 3d24;
    5207 : 3d23;
    5208 : 3d21;
    5209 : 3d20;
    5210 : 3d1f;
    5211 : 3d1d;
    5212 : 3d1c;
    5213 : 3d1b;
    5214 : 3d1a;
    5215 : 3d18;
    5216 : 3d17;
    5217 : 3d16;
    5218 : 3d14;
    5219 : 3d13;
    5220 : 3d12;
    5221 : 3d10;
    5222 : 3d0f;
    5223 : 3d0e;
    5224 : 3d0c;
    5225 : 3d0b;
    5226 : 3d0a;
    5227 : 3d08;
    5228 : 3d07;
    5229 : 3d06;
    5230 : 3d05;
    5231 : 3d03;
    5232 : 3d02;
    5233 : 3d01;
    5234 : 3cff;
    5235 : 3cfe;
    5236 : 3cfd;
    5237 : 3cfb;
    5238 : 3cfa;
    5239 : 3cf9;
    5240 : 3cf7;
    5241 : 3cf6;
    5242 : 3cf5;
    5243 : 3cf3;
    5244 : 3cf2;
    5245 : 3cf1;
    5246 : 3cef;
    5247 : 3cee;
    5248 : 3ced;
    5249 : 3ceb;
    5250 : 3cea;
    5251 : 3ce8;
    5252 : 3ce7;
    5253 : 3ce6;
    5254 : 3ce4;
    5255 : 3ce3;
    5256 : 3ce2;
    5257 : 3ce0;
    5258 : 3cdf;
    5259 : 3cde;
    5260 : 3cdc;
    5261 : 3cdb;
    5262 : 3cda;
    5263 : 3cd8;
    5264 : 3cd7;
    5265 : 3cd6;
    5266 : 3cd4;
    5267 : 3cd3;
    5268 : 3cd1;
    5269 : 3cd0;
    5270 : 3ccf;
    5271 : 3ccd;
    5272 : 3ccc;
    5273 : 3ccb;
    5274 : 3cc9;
    5275 : 3cc8;
    5276 : 3cc6;
    5277 : 3cc5;
    5278 : 3cc4;
    5279 : 3cc2;
    5280 : 3cc1;
    5281 : 3cc0;
    5282 : 3cbe;
    5283 : 3cbd;
    5284 : 3cbb;
    5285 : 3cba;
    5286 : 3cb9;
    5287 : 3cb7;
    5288 : 3cb6;
    5289 : 3cb5;
    5290 : 3cb3;
    5291 : 3cb2;
    5292 : 3cb0;
    5293 : 3caf;
    5294 : 3cae;
    5295 : 3cac;
    5296 : 3cab;
    5297 : 3ca9;
    5298 : 3ca8;
    5299 : 3ca7;
    5300 : 3ca5;
    5301 : 3ca4;
    5302 : 3ca2;
    5303 : 3ca1;
    5304 : 3ca0;
    5305 : 3c9e;
    5306 : 3c9d;
    5307 : 3c9b;
    5308 : 3c9a;
    5309 : 3c99;
    5310 : 3c97;
    5311 : 3c96;
    5312 : 3c94;
    5313 : 3c93;
    5314 : 3c92;
    5315 : 3c90;
    5316 : 3c8f;
    5317 : 3c8d;
    5318 : 3c8c;
    5319 : 3c8a;
    5320 : 3c89;
    5321 : 3c88;
    5322 : 3c86;
    5323 : 3c85;
    5324 : 3c83;
    5325 : 3c82;
    5326 : 3c80;
    5327 : 3c7f;
    5328 : 3c7e;
    5329 : 3c7c;
    5330 : 3c7b;
    5331 : 3c79;
    5332 : 3c78;
    5333 : 3c76;
    5334 : 3c75;
    5335 : 3c74;
    5336 : 3c72;
    5337 : 3c71;
    5338 : 3c6f;
    5339 : 3c6e;
    5340 : 3c6c;
    5341 : 3c6b;
    5342 : 3c69;
    5343 : 3c68;
    5344 : 3c67;
    5345 : 3c65;
    5346 : 3c64;
    5347 : 3c62;
    5348 : 3c61;
    5349 : 3c5f;
    5350 : 3c5e;
    5351 : 3c5c;
    5352 : 3c5b;
    5353 : 3c5a;
    5354 : 3c58;
    5355 : 3c57;
    5356 : 3c55;
    5357 : 3c54;
    5358 : 3c52;
    5359 : 3c51;
    5360 : 3c4f;
    5361 : 3c4e;
    5362 : 3c4c;
    5363 : 3c4b;
    5364 : 3c49;
    5365 : 3c48;
    5366 : 3c47;
    5367 : 3c45;
    5368 : 3c44;
    5369 : 3c42;
    5370 : 3c41;
    5371 : 3c3f;
    5372 : 3c3e;
    5373 : 3c3c;
    5374 : 3c3b;
    5375 : 3c39;
    5376 : 3c38;
    5377 : 3c36;
    5378 : 3c35;
    5379 : 3c33;
    5380 : 3c32;
    5381 : 3c30;
    5382 : 3c2f;
    5383 : 3c2d;
    5384 : 3c2c;
    5385 : 3c2a;
    5386 : 3c29;
    5387 : 3c27;
    5388 : 3c26;
    5389 : 3c24;
    5390 : 3c23;
    5391 : 3c21;
    5392 : 3c20;
    5393 : 3c1e;
    5394 : 3c1d;
    5395 : 3c1b;
    5396 : 3c1a;
    5397 : 3c18;
    5398 : 3c17;
    5399 : 3c15;
    5400 : 3c14;
    5401 : 3c12;
    5402 : 3c11;
    5403 : 3c0f;
    5404 : 3c0e;
    5405 : 3c0c;
    5406 : 3c0b;
    5407 : 3c09;
    5408 : 3c08;
    5409 : 3c06;
    5410 : 3c05;
    5411 : 3c03;
    5412 : 3c02;
    5413 : 3c00;
    5414 : 3bff;
    5415 : 3bfd;
    5416 : 3bfc;
    5417 : 3bfa;
    5418 : 3bf9;
    5419 : 3bf7;
    5420 : 3bf6;
    5421 : 3bf4;
    5422 : 3bf3;
    5423 : 3bf1;
    5424 : 3bef;
    5425 : 3bee;
    5426 : 3bec;
    5427 : 3beb;
    5428 : 3be9;
    5429 : 3be8;
    5430 : 3be6;
    5431 : 3be5;
    5432 : 3be3;
    5433 : 3be2;
    5434 : 3be0;
    5435 : 3bdf;
    5436 : 3bdd;
    5437 : 3bdb;
    5438 : 3bda;
    5439 : 3bd8;
    5440 : 3bd7;
    5441 : 3bd5;
    5442 : 3bd4;
    5443 : 3bd2;
    5444 : 3bd1;
    5445 : 3bcf;
    5446 : 3bce;
    5447 : 3bcc;
    5448 : 3bca;
    5449 : 3bc9;
    5450 : 3bc7;
    5451 : 3bc6;
    5452 : 3bc4;
    5453 : 3bc3;
    5454 : 3bc1;
    5455 : 3bbf;
    5456 : 3bbe;
    5457 : 3bbc;
    5458 : 3bbb;
    5459 : 3bb9;
    5460 : 3bb8;
    5461 : 3bb6;
    5462 : 3bb4;
    5463 : 3bb3;
    5464 : 3bb1;
    5465 : 3bb0;
    5466 : 3bae;
    5467 : 3bad;
    5468 : 3bab;
    5469 : 3ba9;
    5470 : 3ba8;
    5471 : 3ba6;
    5472 : 3ba5;
    5473 : 3ba3;
    5474 : 3ba2;
    5475 : 3ba0;
    5476 : 3b9e;
    5477 : 3b9d;
    5478 : 3b9b;
    5479 : 3b9a;
    5480 : 3b98;
    5481 : 3b96;
    5482 : 3b95;
    5483 : 3b93;
    5484 : 3b92;
    5485 : 3b90;
    5486 : 3b8e;
    5487 : 3b8d;
    5488 : 3b8b;
    5489 : 3b8a;
    5490 : 3b88;
    5491 : 3b86;
    5492 : 3b85;
    5493 : 3b83;
    5494 : 3b82;
    5495 : 3b80;
    5496 : 3b7e;
    5497 : 3b7d;
    5498 : 3b7b;
    5499 : 3b7a;
    5500 : 3b78;
    5501 : 3b76;
    5502 : 3b75;
    5503 : 3b73;
    5504 : 3b72;
    5505 : 3b70;
    5506 : 3b6e;
    5507 : 3b6d;
    5508 : 3b6b;
    5509 : 3b69;
    5510 : 3b68;
    5511 : 3b66;
    5512 : 3b65;
    5513 : 3b63;
    5514 : 3b61;
    5515 : 3b60;
    5516 : 3b5e;
    5517 : 3b5d;
    5518 : 3b5b;
    5519 : 3b59;
    5520 : 3b58;
    5521 : 3b56;
    5522 : 3b54;
    5523 : 3b53;
    5524 : 3b51;
    5525 : 3b4f;
    5526 : 3b4e;
    5527 : 3b4c;
    5528 : 3b4b;
    5529 : 3b49;
    5530 : 3b47;
    5531 : 3b46;
    5532 : 3b44;
    5533 : 3b42;
    5534 : 3b41;
    5535 : 3b3f;
    5536 : 3b3d;
    5537 : 3b3c;
    5538 : 3b3a;
    5539 : 3b38;
    5540 : 3b37;
    5541 : 3b35;
    5542 : 3b33;
    5543 : 3b32;
    5544 : 3b30;
    5545 : 3b2f;
    5546 : 3b2d;
    5547 : 3b2b;
    5548 : 3b2a;
    5549 : 3b28;
    5550 : 3b26;
    5551 : 3b25;
    5552 : 3b23;
    5553 : 3b21;
    5554 : 3b20;
    5555 : 3b1e;
    5556 : 3b1c;
    5557 : 3b1b;
    5558 : 3b19;
    5559 : 3b17;
    5560 : 3b16;
    5561 : 3b14;
    5562 : 3b12;
    5563 : 3b11;
    5564 : 3b0f;
    5565 : 3b0d;
    5566 : 3b0b;
    5567 : 3b0a;
    5568 : 3b08;
    5569 : 3b06;
    5570 : 3b05;
    5571 : 3b03;
    5572 : 3b01;
    5573 : 3b00;
    5574 : 3afe;
    5575 : 3afc;
    5576 : 3afb;
    5577 : 3af9;
    5578 : 3af7;
    5579 : 3af6;
    5580 : 3af4;
    5581 : 3af2;
    5582 : 3af0;
    5583 : 3aef;
    5584 : 3aed;
    5585 : 3aeb;
    5586 : 3aea;
    5587 : 3ae8;
    5588 : 3ae6;
    5589 : 3ae5;
    5590 : 3ae3;
    5591 : 3ae1;
    5592 : 3adf;
    5593 : 3ade;
    5594 : 3adc;
    5595 : 3ada;
    5596 : 3ad9;
    5597 : 3ad7;
    5598 : 3ad5;
    5599 : 3ad4;
    5600 : 3ad2;
    5601 : 3ad0;
    5602 : 3ace;
    5603 : 3acd;
    5604 : 3acb;
    5605 : 3ac9;
    5606 : 3ac8;
    5607 : 3ac6;
    5608 : 3ac4;
    5609 : 3ac2;
    5610 : 3ac1;
    5611 : 3abf;
    5612 : 3abd;
    5613 : 3abb;
    5614 : 3aba;
    5615 : 3ab8;
    5616 : 3ab6;
    5617 : 3ab5;
    5618 : 3ab3;
    5619 : 3ab1;
    5620 : 3aaf;
    5621 : 3aae;
    5622 : 3aac;
    5623 : 3aaa;
    5624 : 3aa8;
    5625 : 3aa7;
    5626 : 3aa5;
    5627 : 3aa3;
    5628 : 3aa1;
    5629 : 3aa0;
    5630 : 3a9e;
    5631 : 3a9c;
    5632 : 3a9a;
    5633 : 3a99;
    5634 : 3a97;
    5635 : 3a95;
    5636 : 3a93;
    5637 : 3a92;
    5638 : 3a90;
    5639 : 3a8e;
    5640 : 3a8c;
    5641 : 3a8b;
    5642 : 3a89;
    5643 : 3a87;
    5644 : 3a85;
    5645 : 3a84;
    5646 : 3a82;
    5647 : 3a80;
    5648 : 3a7e;
    5649 : 3a7d;
    5650 : 3a7b;
    5651 : 3a79;
    5652 : 3a77;
    5653 : 3a76;
    5654 : 3a74;
    5655 : 3a72;
    5656 : 3a70;
    5657 : 3a6f;
    5658 : 3a6d;
    5659 : 3a6b;
    5660 : 3a69;
    5661 : 3a67;
    5662 : 3a66;
    5663 : 3a64;
    5664 : 3a62;
    5665 : 3a60;
    5666 : 3a5f;
    5667 : 3a5d;
    5668 : 3a5b;
    5669 : 3a59;
    5670 : 3a57;
    5671 : 3a56;
    5672 : 3a54;
    5673 : 3a52;
    5674 : 3a50;
    5675 : 3a4f;
    5676 : 3a4d;
    5677 : 3a4b;
    5678 : 3a49;
    5679 : 3a47;
    5680 : 3a46;
    5681 : 3a44;
    5682 : 3a42;
    5683 : 3a40;
    5684 : 3a3e;
    5685 : 3a3d;
    5686 : 3a3b;
    5687 : 3a39;
    5688 : 3a37;
    5689 : 3a35;
    5690 : 3a34;
    5691 : 3a32;
    5692 : 3a30;
    5693 : 3a2e;
    5694 : 3a2c;
    5695 : 3a2b;
    5696 : 3a29;
    5697 : 3a27;
    5698 : 3a25;
    5699 : 3a23;
    5700 : 3a22;
    5701 : 3a20;
    5702 : 3a1e;
    5703 : 3a1c;
    5704 : 3a1a;
    5705 : 3a18;
    5706 : 3a17;
    5707 : 3a15;
    5708 : 3a13;
    5709 : 3a11;
    5710 : 3a0f;
    5711 : 3a0e;
    5712 : 3a0c;
    5713 : 3a0a;
    5714 : 3a08;
    5715 : 3a06;
    5716 : 3a04;
    5717 : 3a03;
    5718 : 3a01;
    5719 : 39ff;
    5720 : 39fd;
    5721 : 39fb;
    5722 : 39f9;
    5723 : 39f8;
    5724 : 39f6;
    5725 : 39f4;
    5726 : 39f2;
    5727 : 39f0;
    5728 : 39ee;
    5729 : 39ed;
    5730 : 39eb;
    5731 : 39e9;
    5732 : 39e7;
    5733 : 39e5;
    5734 : 39e3;
    5735 : 39e1;
    5736 : 39e0;
    5737 : 39de;
    5738 : 39dc;
    5739 : 39da;
    5740 : 39d8;
    5741 : 39d6;
    5742 : 39d5;
    5743 : 39d3;
    5744 : 39d1;
    5745 : 39cf;
    5746 : 39cd;
    5747 : 39cb;
    5748 : 39c9;
    5749 : 39c8;
    5750 : 39c6;
    5751 : 39c4;
    5752 : 39c2;
    5753 : 39c0;
    5754 : 39be;
    5755 : 39bc;
    5756 : 39ba;
    5757 : 39b9;
    5758 : 39b7;
    5759 : 39b5;
    5760 : 39b3;
    5761 : 39b1;
    5762 : 39af;
    5763 : 39ad;
    5764 : 39ab;
    5765 : 39aa;
    5766 : 39a8;
    5767 : 39a6;
    5768 : 39a4;
    5769 : 39a2;
    5770 : 39a0;
    5771 : 399e;
    5772 : 399c;
    5773 : 399b;
    5774 : 3999;
    5775 : 3997;
    5776 : 3995;
    5777 : 3993;
    5778 : 3991;
    5779 : 398f;
    5780 : 398d;
    5781 : 398b;
    5782 : 398a;
    5783 : 3988;
    5784 : 3986;
    5785 : 3984;
    5786 : 3982;
    5787 : 3980;
    5788 : 397e;
    5789 : 397c;
    5790 : 397a;
    5791 : 3978;
    5792 : 3977;
    5793 : 3975;
    5794 : 3973;
    5795 : 3971;
    5796 : 396f;
    5797 : 396d;
    5798 : 396b;
    5799 : 3969;
    5800 : 3967;
    5801 : 3965;
    5802 : 3964;
    5803 : 3962;
    5804 : 3960;
    5805 : 395e;
    5806 : 395c;
    5807 : 395a;
    5808 : 3958;
    5809 : 3956;
    5810 : 3954;
    5811 : 3952;
    5812 : 3950;
    5813 : 394e;
    5814 : 394d;
    5815 : 394b;
    5816 : 3949;
    5817 : 3947;
    5818 : 3945;
    5819 : 3943;
    5820 : 3941;
    5821 : 393f;
    5822 : 393d;
    5823 : 393b;
    5824 : 3939;
    5825 : 3937;
    5826 : 3935;
    5827 : 3933;
    5828 : 3932;
    5829 : 3930;
    5830 : 392e;
    5831 : 392c;
    5832 : 392a;
    5833 : 3928;
    5834 : 3926;
    5835 : 3924;
    5836 : 3922;
    5837 : 3920;
    5838 : 391e;
    5839 : 391c;
    5840 : 391a;
    5841 : 3918;
    5842 : 3916;
    5843 : 3914;
    5844 : 3912;
    5845 : 3910;
    5846 : 390e;
    5847 : 390d;
    5848 : 390b;
    5849 : 3909;
    5850 : 3907;
    5851 : 3905;
    5852 : 3903;
    5853 : 3901;
    5854 : 38ff;
    5855 : 38fd;
    5856 : 38fb;
    5857 : 38f9;
    5858 : 38f7;
    5859 : 38f5;
    5860 : 38f3;
    5861 : 38f1;
    5862 : 38ef;
    5863 : 38ed;
    5864 : 38eb;
    5865 : 38e9;
    5866 : 38e7;
    5867 : 38e5;
    5868 : 38e3;
    5869 : 38e1;
    5870 : 38df;
    5871 : 38dd;
    5872 : 38db;
    5873 : 38d9;
    5874 : 38d7;
    5875 : 38d5;
    5876 : 38d3;
    5877 : 38d1;
    5878 : 38cf;
    5879 : 38ce;
    5880 : 38cc;
    5881 : 38ca;
    5882 : 38c8;
    5883 : 38c6;
    5884 : 38c4;
    5885 : 38c2;
    5886 : 38c0;
    5887 : 38be;
    5888 : 38bc;
    5889 : 38ba;
    5890 : 38b8;
    5891 : 38b6;
    5892 : 38b4;
    5893 : 38b2;
    5894 : 38b0;
    5895 : 38ae;
    5896 : 38ac;
    5897 : 38aa;
    5898 : 38a8;
    5899 : 38a6;
    5900 : 38a4;
    5901 : 38a2;
    5902 : 38a0;
    5903 : 389e;
    5904 : 389c;
    5905 : 389a;
    5906 : 3898;
    5907 : 3896;
    5908 : 3894;
    5909 : 3892;
    5910 : 3890;
    5911 : 388e;
    5912 : 388c;
    5913 : 388a;
    5914 : 3887;
    5915 : 3885;
    5916 : 3883;
    5917 : 3881;
    5918 : 387f;
    5919 : 387d;
    5920 : 387b;
    5921 : 3879;
    5922 : 3877;
    5923 : 3875;
    5924 : 3873;
    5925 : 3871;
    5926 : 386f;
    5927 : 386d;
    5928 : 386b;
    5929 : 3869;
    5930 : 3867;
    5931 : 3865;
    5932 : 3863;
    5933 : 3861;
    5934 : 385f;
    5935 : 385d;
    5936 : 385b;
    5937 : 3859;
    5938 : 3857;
    5939 : 3855;
    5940 : 3853;
    5941 : 3851;
    5942 : 384f;
    5943 : 384d;
    5944 : 384b;
    5945 : 3849;
    5946 : 3846;
    5947 : 3844;
    5948 : 3842;
    5949 : 3840;
    5950 : 383e;
    5951 : 383c;
    5952 : 383a;
    5953 : 3838;
    5954 : 3836;
    5955 : 3834;
    5956 : 3832;
    5957 : 3830;
    5958 : 382e;
    5959 : 382c;
    5960 : 382a;
    5961 : 3828;
    5962 : 3826;
    5963 : 3824;
    5964 : 3821;
    5965 : 381f;
    5966 : 381d;
    5967 : 381b;
    5968 : 3819;
    5969 : 3817;
    5970 : 3815;
    5971 : 3813;
    5972 : 3811;
    5973 : 380f;
    5974 : 380d;
    5975 : 380b;
    5976 : 3809;
    5977 : 3807;
    5978 : 3805;
    5979 : 3802;
    5980 : 3800;
    5981 : 37fe;
    5982 : 37fc;
    5983 : 37fa;
    5984 : 37f8;
    5985 : 37f6;
    5986 : 37f4;
    5987 : 37f2;
    5988 : 37f0;
    5989 : 37ee;
    5990 : 37ec;
    5991 : 37e9;
    5992 : 37e7;
    5993 : 37e5;
    5994 : 37e3;
    5995 : 37e1;
    5996 : 37df;
    5997 : 37dd;
    5998 : 37db;
    5999 : 37d9;
    6000 : 37d7;
    6001 : 37d5;
    6002 : 37d2;
    6003 : 37d0;
    6004 : 37ce;
    6005 : 37cc;
    6006 : 37ca;
    6007 : 37c8;
    6008 : 37c6;
    6009 : 37c4;
    6010 : 37c2;
    6011 : 37c0;
    6012 : 37bd;
    6013 : 37bb;
    6014 : 37b9;
    6015 : 37b7;
    6016 : 37b5;
    6017 : 37b3;
    6018 : 37b1;
    6019 : 37af;
    6020 : 37ad;
    6021 : 37aa;
    6022 : 37a8;
    6023 : 37a6;
    6024 : 37a4;
    6025 : 37a2;
    6026 : 37a0;
    6027 : 379e;
    6028 : 379c;
    6029 : 379a;
    6030 : 3797;
    6031 : 3795;
    6032 : 3793;
    6033 : 3791;
    6034 : 378f;
    6035 : 378d;
    6036 : 378b;
    6037 : 3789;
    6038 : 3786;
    6039 : 3784;
    6040 : 3782;
    6041 : 3780;
    6042 : 377e;
    6043 : 377c;
    6044 : 377a;
    6045 : 3777;
    6046 : 3775;
    6047 : 3773;
    6048 : 3771;
    6049 : 376f;
    6050 : 376d;
    6051 : 376b;
    6052 : 3768;
    6053 : 3766;
    6054 : 3764;
    6055 : 3762;
    6056 : 3760;
    6057 : 375e;
    6058 : 375c;
    6059 : 3759;
    6060 : 3757;
    6061 : 3755;
    6062 : 3753;
    6063 : 3751;
    6064 : 374f;
    6065 : 374d;
    6066 : 374a;
    6067 : 3748;
    6068 : 3746;
    6069 : 3744;
    6070 : 3742;
    6071 : 3740;
    6072 : 373d;
    6073 : 373b;
    6074 : 3739;
    6075 : 3737;
    6076 : 3735;
    6077 : 3733;
    6078 : 3731;
    6079 : 372e;
    6080 : 372c;
    6081 : 372a;
    6082 : 3728;
    6083 : 3726;
    6084 : 3723;
    6085 : 3721;
    6086 : 371f;
    6087 : 371d;
    6088 : 371b;
    6089 : 3719;
    6090 : 3716;
    6091 : 3714;
    6092 : 3712;
    6093 : 3710;
    6094 : 370e;
    6095 : 370c;
    6096 : 3709;
    6097 : 3707;
    6098 : 3705;
    6099 : 3703;
    6100 : 3701;
    6101 : 36fe;
    6102 : 36fc;
    6103 : 36fa;
    6104 : 36f8;
    6105 : 36f6;
    6106 : 36f4;
    6107 : 36f1;
    6108 : 36ef;
    6109 : 36ed;
    6110 : 36eb;
    6111 : 36e9;
    6112 : 36e6;
    6113 : 36e4;
    6114 : 36e2;
    6115 : 36e0;
    6116 : 36de;
    6117 : 36db;
    6118 : 36d9;
    6119 : 36d7;
    6120 : 36d5;
    6121 : 36d3;
    6122 : 36d0;
    6123 : 36ce;
    6124 : 36cc;
    6125 : 36ca;
    6126 : 36c8;
    6127 : 36c5;
    6128 : 36c3;
    6129 : 36c1;
    6130 : 36bf;
    6131 : 36bd;
    6132 : 36ba;
    6133 : 36b8;
    6134 : 36b6;
    6135 : 36b4;
    6136 : 36b2;
    6137 : 36af;
    6138 : 36ad;
    6139 : 36ab;
    6140 : 36a9;
    6141 : 36a6;
    6142 : 36a4;
    6143 : 36a2;
    6144 : 36a0;
    6145 : 369e;
    6146 : 369b;
    6147 : 3699;
    6148 : 3697;
    6149 : 3695;
    6150 : 3692;
    6151 : 3690;
    6152 : 368e;
    6153 : 368c;
    6154 : 368a;
    6155 : 3687;
    6156 : 3685;
    6157 : 3683;
    6158 : 3681;
    6159 : 367e;
    6160 : 367c;
    6161 : 367a;
    6162 : 3678;
    6163 : 3675;
    6164 : 3673;
    6165 : 3671;
    6166 : 366f;
    6167 : 366c;
    6168 : 366a;
    6169 : 3668;
    6170 : 3666;
    6171 : 3663;
    6172 : 3661;
    6173 : 365f;
    6174 : 365d;
    6175 : 365a;
    6176 : 3658;
    6177 : 3656;
    6178 : 3654;
    6179 : 3652;
    6180 : 364f;
    6181 : 364d;
    6182 : 364b;
    6183 : 3648;
    6184 : 3646;
    6185 : 3644;
    6186 : 3642;
    6187 : 363f;
    6188 : 363d;
    6189 : 363b;
    6190 : 3639;
    6191 : 3636;
    6192 : 3634;
    6193 : 3632;
    6194 : 3630;
    6195 : 362d;
    6196 : 362b;
    6197 : 3629;
    6198 : 3627;
    6199 : 3624;
    6200 : 3622;
    6201 : 3620;
    6202 : 361e;
    6203 : 361b;
    6204 : 3619;
    6205 : 3617;
    6206 : 3614;
    6207 : 3612;
    6208 : 3610;
    6209 : 360e;
    6210 : 360b;
    6211 : 3609;
    6212 : 3607;
    6213 : 3604;
    6214 : 3602;
    6215 : 3600;
    6216 : 35fe;
    6217 : 35fb;
    6218 : 35f9;
    6219 : 35f7;
    6220 : 35f5;
    6221 : 35f2;
    6222 : 35f0;
    6223 : 35ee;
    6224 : 35eb;
    6225 : 35e9;
    6226 : 35e7;
    6227 : 35e4;
    6228 : 35e2;
    6229 : 35e0;
    6230 : 35de;
    6231 : 35db;
    6232 : 35d9;
    6233 : 35d7;
    6234 : 35d4;
    6235 : 35d2;
    6236 : 35d0;
    6237 : 35ce;
    6238 : 35cb;
    6239 : 35c9;
    6240 : 35c7;
    6241 : 35c4;
    6242 : 35c2;
    6243 : 35c0;
    6244 : 35bd;
    6245 : 35bb;
    6246 : 35b9;
    6247 : 35b7;
    6248 : 35b4;
    6249 : 35b2;
    6250 : 35b0;
    6251 : 35ad;
    6252 : 35ab;
    6253 : 35a9;
    6254 : 35a6;
    6255 : 35a4;
    6256 : 35a2;
    6257 : 359f;
    6258 : 359d;
    6259 : 359b;
    6260 : 3598;
    6261 : 3596;
    6262 : 3594;
    6263 : 3591;
    6264 : 358f;
    6265 : 358d;
    6266 : 358b;
    6267 : 3588;
    6268 : 3586;
    6269 : 3584;
    6270 : 3581;
    6271 : 357f;
    6272 : 357d;
    6273 : 357a;
    6274 : 3578;
    6275 : 3576;
    6276 : 3573;
    6277 : 3571;
    6278 : 356f;
    6279 : 356c;
    6280 : 356a;
    6281 : 3568;
    6282 : 3565;
    6283 : 3563;
    6284 : 3561;
    6285 : 355e;
    6286 : 355c;
    6287 : 355a;
    6288 : 3557;
    6289 : 3555;
    6290 : 3553;
    6291 : 3550;
    6292 : 354e;
    6293 : 354c;
    6294 : 3549;
    6295 : 3547;
    6296 : 3544;
    6297 : 3542;
    6298 : 3540;
    6299 : 353d;
    6300 : 353b;
    6301 : 3539;
    6302 : 3536;
    6303 : 3534;
    6304 : 3532;
    6305 : 352f;
    6306 : 352d;
    6307 : 352b;
    6308 : 3528;
    6309 : 3526;
    6310 : 3524;
    6311 : 3521;
    6312 : 351f;
    6313 : 351c;
    6314 : 351a;
    6315 : 3518;
    6316 : 3515;
    6317 : 3513;
    6318 : 3511;
    6319 : 350e;
    6320 : 350c;
    6321 : 350a;
    6322 : 3507;
    6323 : 3505;
    6324 : 3502;
    6325 : 3500;
    6326 : 34fe;
    6327 : 34fb;
    6328 : 34f9;
    6329 : 34f7;
    6330 : 34f4;
    6331 : 34f2;
    6332 : 34ef;
    6333 : 34ed;
    6334 : 34eb;
    6335 : 34e8;
    6336 : 34e6;
    6337 : 34e4;
    6338 : 34e1;
    6339 : 34df;
    6340 : 34dc;
    6341 : 34da;
    6342 : 34d8;
    6343 : 34d5;
    6344 : 34d3;
    6345 : 34d1;
    6346 : 34ce;
    6347 : 34cc;
    6348 : 34c9;
    6349 : 34c7;
    6350 : 34c5;
    6351 : 34c2;
    6352 : 34c0;
    6353 : 34bd;
    6354 : 34bb;
    6355 : 34b9;
    6356 : 34b6;
    6357 : 34b4;
    6358 : 34b1;
    6359 : 34af;
    6360 : 34ad;
    6361 : 34aa;
    6362 : 34a8;
    6363 : 34a5;
    6364 : 34a3;
    6365 : 34a1;
    6366 : 349e;
    6367 : 349c;
    6368 : 3499;
    6369 : 3497;
    6370 : 3495;
    6371 : 3492;
    6372 : 3490;
    6373 : 348d;
    6374 : 348b;
    6375 : 3489;
    6376 : 3486;
    6377 : 3484;
    6378 : 3481;
    6379 : 347f;
    6380 : 347d;
    6381 : 347a;
    6382 : 3478;
    6383 : 3475;
    6384 : 3473;
    6385 : 3470;
    6386 : 346e;
    6387 : 346c;
    6388 : 3469;
    6389 : 3467;
    6390 : 3464;
    6391 : 3462;
    6392 : 3460;
    6393 : 345d;
    6394 : 345b;
    6395 : 3458;
    6396 : 3456;
    6397 : 3453;
    6398 : 3451;
    6399 : 344f;
    6400 : 344c;
    6401 : 344a;
    6402 : 3447;
    6403 : 3445;
    6404 : 3442;
    6405 : 3440;
    6406 : 343e;
    6407 : 343b;
    6408 : 3439;
    6409 : 3436;
    6410 : 3434;
    6411 : 3431;
    6412 : 342f;
    6413 : 342c;
    6414 : 342a;
    6415 : 3428;
    6416 : 3425;
    6417 : 3423;
    6418 : 3420;
    6419 : 341e;
    6420 : 341b;
    6421 : 3419;
    6422 : 3417;
    6423 : 3414;
    6424 : 3412;
    6425 : 340f;
    6426 : 340d;
    6427 : 340a;
    6428 : 3408;
    6429 : 3405;
    6430 : 3403;
    6431 : 3400;
    6432 : 33fe;
    6433 : 33fc;
    6434 : 33f9;
    6435 : 33f7;
    6436 : 33f4;
    6437 : 33f2;
    6438 : 33ef;
    6439 : 33ed;
    6440 : 33ea;
    6441 : 33e8;
    6442 : 33e5;
    6443 : 33e3;
    6444 : 33e1;
    6445 : 33de;
    6446 : 33dc;
    6447 : 33d9;
    6448 : 33d7;
    6449 : 33d4;
    6450 : 33d2;
    6451 : 33cf;
    6452 : 33cd;
    6453 : 33ca;
    6454 : 33c8;
    6455 : 33c5;
    6456 : 33c3;
    6457 : 33c0;
    6458 : 33be;
    6459 : 33bc;
    6460 : 33b9;
    6461 : 33b7;
    6462 : 33b4;
    6463 : 33b2;
    6464 : 33af;
    6465 : 33ad;
    6466 : 33aa;
    6467 : 33a8;
    6468 : 33a5;
    6469 : 33a3;
    6470 : 33a0;
    6471 : 339e;
    6472 : 339b;
    6473 : 3399;
    6474 : 3396;
    6475 : 3394;
    6476 : 3391;
    6477 : 338f;
    6478 : 338c;
    6479 : 338a;
    6480 : 3387;
    6481 : 3385;
    6482 : 3382;
    6483 : 3380;
    6484 : 337d;
    6485 : 337b;
    6486 : 3379;
    6487 : 3376;
    6488 : 3374;
    6489 : 3371;
    6490 : 336f;
    6491 : 336c;
    6492 : 336a;
    6493 : 3367;
    6494 : 3365;
    6495 : 3362;
    6496 : 3360;
    6497 : 335d;
    6498 : 335b;
    6499 : 3358;
    6500 : 3356;
    6501 : 3353;
    6502 : 3351;
    6503 : 334e;
    6504 : 334c;
    6505 : 3349;
    6506 : 3347;
    6507 : 3344;
    6508 : 3341;
    6509 : 333f;
    6510 : 333c;
    6511 : 333a;
    6512 : 3337;
    6513 : 3335;
    6514 : 3332;
    6515 : 3330;
    6516 : 332d;
    6517 : 332b;
    6518 : 3328;
    6519 : 3326;
    6520 : 3323;
    6521 : 3321;
    6522 : 331e;
    6523 : 331c;
    6524 : 3319;
    6525 : 3317;
    6526 : 3314;
    6527 : 3312;
    6528 : 330f;
    6529 : 330d;
    6530 : 330a;
    6531 : 3308;
    6532 : 3305;
    6533 : 3303;
    6534 : 3300;
    6535 : 32fd;
    6536 : 32fb;
    6537 : 32f8;
    6538 : 32f6;
    6539 : 32f3;
    6540 : 32f1;
    6541 : 32ee;
    6542 : 32ec;
    6543 : 32e9;
    6544 : 32e7;
    6545 : 32e4;
    6546 : 32e2;
    6547 : 32df;
    6548 : 32dd;
    6549 : 32da;
    6550 : 32d7;
    6551 : 32d5;
    6552 : 32d2;
    6553 : 32d0;
    6554 : 32cd;
    6555 : 32cb;
    6556 : 32c8;
    6557 : 32c6;
    6558 : 32c3;
    6559 : 32c1;
    6560 : 32be;
    6561 : 32bc;
    6562 : 32b9;
    6563 : 32b6;
    6564 : 32b4;
    6565 : 32b1;
    6566 : 32af;
    6567 : 32ac;
    6568 : 32aa;
    6569 : 32a7;
    6570 : 32a5;
    6571 : 32a2;
    6572 : 329f;
    6573 : 329d;
    6574 : 329a;
    6575 : 3298;
    6576 : 3295;
    6577 : 3293;
    6578 : 3290;
    6579 : 328e;
    6580 : 328b;
    6581 : 3288;
    6582 : 3286;
    6583 : 3283;
    6584 : 3281;
    6585 : 327e;
    6586 : 327c;
    6587 : 3279;
    6588 : 3277;
    6589 : 3274;
    6590 : 3271;
    6591 : 326f;
    6592 : 326c;
    6593 : 326a;
    6594 : 3267;
    6595 : 3265;
    6596 : 3262;
    6597 : 325f;
    6598 : 325d;
    6599 : 325a;
    6600 : 3258;
    6601 : 3255;
    6602 : 3253;
    6603 : 3250;
    6604 : 324d;
    6605 : 324b;
    6606 : 3248;
    6607 : 3246;
    6608 : 3243;
    6609 : 3240;
    6610 : 323e;
    6611 : 323b;
    6612 : 3239;
    6613 : 3236;
    6614 : 3234;
    6615 : 3231;
    6616 : 322e;
    6617 : 322c;
    6618 : 3229;
    6619 : 3227;
    6620 : 3224;
    6621 : 3221;
    6622 : 321f;
    6623 : 321c;
    6624 : 321a;
    6625 : 3217;
    6626 : 3215;
    6627 : 3212;
    6628 : 320f;
    6629 : 320d;
    6630 : 320a;
    6631 : 3208;
    6632 : 3205;
    6633 : 3202;
    6634 : 3200;
    6635 : 31fd;
    6636 : 31fb;
    6637 : 31f8;
    6638 : 31f5;
    6639 : 31f3;
    6640 : 31f0;
    6641 : 31ee;
    6642 : 31eb;
    6643 : 31e8;
    6644 : 31e6;
    6645 : 31e3;
    6646 : 31e1;
    6647 : 31de;
    6648 : 31db;
    6649 : 31d9;
    6650 : 31d6;
    6651 : 31d4;
    6652 : 31d1;
    6653 : 31ce;
    6654 : 31cc;
    6655 : 31c9;
    6656 : 31c6;
    6657 : 31c4;
    6658 : 31c1;
    6659 : 31bf;
    6660 : 31bc;
    6661 : 31b9;
    6662 : 31b7;
    6663 : 31b4;
    6664 : 31b2;
    6665 : 31af;
    6666 : 31ac;
    6667 : 31aa;
    6668 : 31a7;
    6669 : 31a4;
    6670 : 31a2;
    6671 : 319f;
    6672 : 319d;
    6673 : 319a;
    6674 : 3197;
    6675 : 3195;
    6676 : 3192;
    6677 : 318f;
    6678 : 318d;
    6679 : 318a;
    6680 : 3188;
    6681 : 3185;
    6682 : 3182;
    6683 : 3180;
    6684 : 317d;
    6685 : 317a;
    6686 : 3178;
    6687 : 3175;
    6688 : 3173;
    6689 : 3170;
    6690 : 316d;
    6691 : 316b;
    6692 : 3168;
    6693 : 3165;
    6694 : 3163;
    6695 : 3160;
    6696 : 315d;
    6697 : 315b;
    6698 : 3158;
    6699 : 3156;
    6700 : 3153;
    6701 : 3150;
    6702 : 314e;
    6703 : 314b;
    6704 : 3148;
    6705 : 3146;
    6706 : 3143;
    6707 : 3140;
    6708 : 313e;
    6709 : 313b;
    6710 : 3138;
    6711 : 3136;
    6712 : 3133;
    6713 : 3130;
    6714 : 312e;
    6715 : 312b;
    6716 : 3129;
    6717 : 3126;
    6718 : 3123;
    6719 : 3121;
    6720 : 311e;
    6721 : 311b;
    6722 : 3119;
    6723 : 3116;
    6724 : 3113;
    6725 : 3111;
    6726 : 310e;
    6727 : 310b;
    6728 : 3109;
    6729 : 3106;
    6730 : 3103;
    6731 : 3101;
    6732 : 30fe;
    6733 : 30fb;
    6734 : 30f9;
    6735 : 30f6;
    6736 : 30f3;
    6737 : 30f1;
    6738 : 30ee;
    6739 : 30eb;
    6740 : 30e9;
    6741 : 30e6;
    6742 : 30e3;
    6743 : 30e1;
    6744 : 30de;
    6745 : 30db;
    6746 : 30d9;
    6747 : 30d6;
    6748 : 30d3;
    6749 : 30d1;
    6750 : 30ce;
    6751 : 30cb;
    6752 : 30c9;
    6753 : 30c6;
    6754 : 30c3;
    6755 : 30c1;
    6756 : 30be;
    6757 : 30bb;
    6758 : 30b9;
    6759 : 30b6;
    6760 : 30b3;
    6761 : 30b1;
    6762 : 30ae;
    6763 : 30ab;
    6764 : 30a9;
    6765 : 30a6;
    6766 : 30a3;
    6767 : 30a0;
    6768 : 309e;
    6769 : 309b;
    6770 : 3098;
    6771 : 3096;
    6772 : 3093;
    6773 : 3090;
    6774 : 308e;
    6775 : 308b;
    6776 : 3088;
    6777 : 3086;
    6778 : 3083;
    6779 : 3080;
    6780 : 307e;
    6781 : 307b;
    6782 : 3078;
    6783 : 3075;
    6784 : 3073;
    6785 : 3070;
    6786 : 306d;
    6787 : 306b;
    6788 : 3068;
    6789 : 3065;
    6790 : 3063;
    6791 : 3060;
    6792 : 305d;
    6793 : 305a;
    6794 : 3058;
    6795 : 3055;
    6796 : 3052;
    6797 : 3050;
    6798 : 304d;
    6799 : 304a;
    6800 : 3048;
    6801 : 3045;
    6802 : 3042;
    6803 : 303f;
    6804 : 303d;
    6805 : 303a;
    6806 : 3037;
    6807 : 3035;
    6808 : 3032;
    6809 : 302f;
    6810 : 302d;
    6811 : 302a;
    6812 : 3027;
    6813 : 3024;
    6814 : 3022;
    6815 : 301f;
    6816 : 301c;
    6817 : 301a;
    6818 : 3017;
    6819 : 3014;
    6820 : 3011;
    6821 : 300f;
    6822 : 300c;
    6823 : 3009;
    6824 : 3007;
    6825 : 3004;
    6826 : 3001;
    6827 : 2ffe;
    6828 : 2ffc;
    6829 : 2ff9;
    6830 : 2ff6;
    6831 : 2ff3;
    6832 : 2ff1;
    6833 : 2fee;
    6834 : 2feb;
    6835 : 2fe9;
    6836 : 2fe6;
    6837 : 2fe3;
    6838 : 2fe0;
    6839 : 2fde;
    6840 : 2fdb;
    6841 : 2fd8;
    6842 : 2fd5;
    6843 : 2fd3;
    6844 : 2fd0;
    6845 : 2fcd;
    6846 : 2fcb;
    6847 : 2fc8;
    6848 : 2fc5;
    6849 : 2fc2;
    6850 : 2fc0;
    6851 : 2fbd;
    6852 : 2fba;
    6853 : 2fb7;
    6854 : 2fb5;
    6855 : 2fb2;
    6856 : 2faf;
    6857 : 2fac;
    6858 : 2faa;
    6859 : 2fa7;
    6860 : 2fa4;
    6861 : 2fa1;
    6862 : 2f9f;
    6863 : 2f9c;
    6864 : 2f99;
    6865 : 2f97;
    6866 : 2f94;
    6867 : 2f91;
    6868 : 2f8e;
    6869 : 2f8c;
    6870 : 2f89;
    6871 : 2f86;
    6872 : 2f83;
    6873 : 2f81;
    6874 : 2f7e;
    6875 : 2f7b;
    6876 : 2f78;
    6877 : 2f76;
    6878 : 2f73;
    6879 : 2f70;
    6880 : 2f6d;
    6881 : 2f6b;
    6882 : 2f68;
    6883 : 2f65;
    6884 : 2f62;
    6885 : 2f60;
    6886 : 2f5d;
    6887 : 2f5a;
    6888 : 2f57;
    6889 : 2f55;
    6890 : 2f52;
    6891 : 2f4f;
    6892 : 2f4c;
    6893 : 2f49;
    6894 : 2f47;
    6895 : 2f44;
    6896 : 2f41;
    6897 : 2f3e;
    6898 : 2f3c;
    6899 : 2f39;
    6900 : 2f36;
    6901 : 2f33;
    6902 : 2f31;
    6903 : 2f2e;
    6904 : 2f2b;
    6905 : 2f28;
    6906 : 2f26;
    6907 : 2f23;
    6908 : 2f20;
    6909 : 2f1d;
    6910 : 2f1a;
    6911 : 2f18;
    6912 : 2f15;
    6913 : 2f12;
    6914 : 2f0f;
    6915 : 2f0d;
    6916 : 2f0a;
    6917 : 2f07;
    6918 : 2f04;
    6919 : 2f02;
    6920 : 2eff;
    6921 : 2efc;
    6922 : 2ef9;
    6923 : 2ef6;
    6924 : 2ef4;
    6925 : 2ef1;
    6926 : 2eee;
    6927 : 2eeb;
    6928 : 2ee9;
    6929 : 2ee6;
    6930 : 2ee3;
    6931 : 2ee0;
    6932 : 2edd;
    6933 : 2edb;
    6934 : 2ed8;
    6935 : 2ed5;
    6936 : 2ed2;
    6937 : 2ed0;
    6938 : 2ecd;
    6939 : 2eca;
    6940 : 2ec7;
    6941 : 2ec4;
    6942 : 2ec2;
    6943 : 2ebf;
    6944 : 2ebc;
    6945 : 2eb9;
    6946 : 2eb6;
    6947 : 2eb4;
    6948 : 2eb1;
    6949 : 2eae;
    6950 : 2eab;
    6951 : 2ea8;
    6952 : 2ea6;
    6953 : 2ea3;
    6954 : 2ea0;
    6955 : 2e9d;
    6956 : 2e9b;
    6957 : 2e98;
    6958 : 2e95;
    6959 : 2e92;
    6960 : 2e8f;
    6961 : 2e8d;
    6962 : 2e8a;
    6963 : 2e87;
    6964 : 2e84;
    6965 : 2e81;
    6966 : 2e7f;
    6967 : 2e7c;
    6968 : 2e79;
    6969 : 2e76;
    6970 : 2e73;
    6971 : 2e71;
    6972 : 2e6e;
    6973 : 2e6b;
    6974 : 2e68;
    6975 : 2e65;
    6976 : 2e62;
    6977 : 2e60;
    6978 : 2e5d;
    6979 : 2e5a;
    6980 : 2e57;
    6981 : 2e54;
    6982 : 2e52;
    6983 : 2e4f;
    6984 : 2e4c;
    6985 : 2e49;
    6986 : 2e46;
    6987 : 2e44;
    6988 : 2e41;
    6989 : 2e3e;
    6990 : 2e3b;
    6991 : 2e38;
    6992 : 2e36;
    6993 : 2e33;
    6994 : 2e30;
    6995 : 2e2d;
    6996 : 2e2a;
    6997 : 2e27;
    6998 : 2e25;
    6999 : 2e22;
    7000 : 2e1f;
    7001 : 2e1c;
    7002 : 2e19;
    7003 : 2e17;
    7004 : 2e14;
    7005 : 2e11;
    7006 : 2e0e;
    7007 : 2e0b;
    7008 : 2e08;
    7009 : 2e06;
    7010 : 2e03;
    7011 : 2e00;
    7012 : 2dfd;
    7013 : 2dfa;
    7014 : 2df7;
    7015 : 2df5;
    7016 : 2df2;
    7017 : 2def;
    7018 : 2dec;
    7019 : 2de9;
    7020 : 2de7;
    7021 : 2de4;
    7022 : 2de1;
    7023 : 2dde;
    7024 : 2ddb;
    7025 : 2dd8;
    7026 : 2dd6;
    7027 : 2dd3;
    7028 : 2dd0;
    7029 : 2dcd;
    7030 : 2dca;
    7031 : 2dc7;
    7032 : 2dc5;
    7033 : 2dc2;
    7034 : 2dbf;
    7035 : 2dbc;
    7036 : 2db9;
    7037 : 2db6;
    7038 : 2db3;
    7039 : 2db1;
    7040 : 2dae;
    7041 : 2dab;
    7042 : 2da8;
    7043 : 2da5;
    7044 : 2da2;
    7045 : 2da0;
    7046 : 2d9d;
    7047 : 2d9a;
    7048 : 2d97;
    7049 : 2d94;
    7050 : 2d91;
    7051 : 2d8f;
    7052 : 2d8c;
    7053 : 2d89;
    7054 : 2d86;
    7055 : 2d83;
    7056 : 2d80;
    7057 : 2d7d;
    7058 : 2d7b;
    7059 : 2d78;
    7060 : 2d75;
    7061 : 2d72;
    7062 : 2d6f;
    7063 : 2d6c;
    7064 : 2d6a;
    7065 : 2d67;
    7066 : 2d64;
    7067 : 2d61;
    7068 : 2d5e;
    7069 : 2d5b;
    7070 : 2d58;
    7071 : 2d56;
    7072 : 2d53;
    7073 : 2d50;
    7074 : 2d4d;
    7075 : 2d4a;
    7076 : 2d47;
    7077 : 2d44;
    7078 : 2d42;
    7079 : 2d3f;
    7080 : 2d3c;
    7081 : 2d39;
    7082 : 2d36;
    7083 : 2d33;
    7084 : 2d30;
    7085 : 2d2e;
    7086 : 2d2b;
    7087 : 2d28;
    7088 : 2d25;
    7089 : 2d22;
    7090 : 2d1f;
    7091 : 2d1c;
    7092 : 2d19;
    7093 : 2d17;
    7094 : 2d14;
    7095 : 2d11;
    7096 : 2d0e;
    7097 : 2d0b;
    7098 : 2d08;
    7099 : 2d05;
    7100 : 2d03;
    7101 : 2d00;
    7102 : 2cfd;
    7103 : 2cfa;
    7104 : 2cf7;
    7105 : 2cf4;
    7106 : 2cf1;
    7107 : 2cee;
    7108 : 2cec;
    7109 : 2ce9;
    7110 : 2ce6;
    7111 : 2ce3;
    7112 : 2ce0;
    7113 : 2cdd;
    7114 : 2cda;
    7115 : 2cd7;
    7116 : 2cd5;
    7117 : 2cd2;
    7118 : 2ccf;
    7119 : 2ccc;
    7120 : 2cc9;
    7121 : 2cc6;
    7122 : 2cc3;
    7123 : 2cc0;
    7124 : 2cbd;
    7125 : 2cbb;
    7126 : 2cb8;
    7127 : 2cb5;
    7128 : 2cb2;
    7129 : 2caf;
    7130 : 2cac;
    7131 : 2ca9;
    7132 : 2ca6;
    7133 : 2ca4;
    7134 : 2ca1;
    7135 : 2c9e;
    7136 : 2c9b;
    7137 : 2c98;
    7138 : 2c95;
    7139 : 2c92;
    7140 : 2c8f;
    7141 : 2c8c;
    7142 : 2c8a;
    7143 : 2c87;
    7144 : 2c84;
    7145 : 2c81;
    7146 : 2c7e;
    7147 : 2c7b;
    7148 : 2c78;
    7149 : 2c75;
    7150 : 2c72;
    7151 : 2c70;
    7152 : 2c6d;
    7153 : 2c6a;
    7154 : 2c67;
    7155 : 2c64;
    7156 : 2c61;
    7157 : 2c5e;
    7158 : 2c5b;
    7159 : 2c58;
    7160 : 2c55;
    7161 : 2c53;
    7162 : 2c50;
    7163 : 2c4d;
    7164 : 2c4a;
    7165 : 2c47;
    7166 : 2c44;
    7167 : 2c41;
    7168 : 2c3e;
    7169 : 2c3b;
    7170 : 2c38;
    7171 : 2c36;
    7172 : 2c33;
    7173 : 2c30;
    7174 : 2c2d;
    7175 : 2c2a;
    7176 : 2c27;
    7177 : 2c24;
    7178 : 2c21;
    7179 : 2c1e;
    7180 : 2c1b;
    7181 : 2c18;
    7182 : 2c16;
    7183 : 2c13;
    7184 : 2c10;
    7185 : 2c0d;
    7186 : 2c0a;
    7187 : 2c07;
    7188 : 2c04;
    7189 : 2c01;
    7190 : 2bfe;
    7191 : 2bfb;
    7192 : 2bf8;
    7193 : 2bf6;
    7194 : 2bf3;
    7195 : 2bf0;
    7196 : 2bed;
    7197 : 2bea;
    7198 : 2be7;
    7199 : 2be4;
    7200 : 2be1;
    7201 : 2bde;
    7202 : 2bdb;
    7203 : 2bd8;
    7204 : 2bd5;
    7205 : 2bd3;
    7206 : 2bd0;
    7207 : 2bcd;
    7208 : 2bca;
    7209 : 2bc7;
    7210 : 2bc4;
    7211 : 2bc1;
    7212 : 2bbe;
    7213 : 2bbb;
    7214 : 2bb8;
    7215 : 2bb5;
    7216 : 2bb2;
    7217 : 2baf;
    7218 : 2bad;
    7219 : 2baa;
    7220 : 2ba7;
    7221 : 2ba4;
    7222 : 2ba1;
    7223 : 2b9e;
    7224 : 2b9b;
    7225 : 2b98;
    7226 : 2b95;
    7227 : 2b92;
    7228 : 2b8f;
    7229 : 2b8c;
    7230 : 2b89;
    7231 : 2b87;
    7232 : 2b84;
    7233 : 2b81;
    7234 : 2b7e;
    7235 : 2b7b;
    7236 : 2b78;
    7237 : 2b75;
    7238 : 2b72;
    7239 : 2b6f;
    7240 : 2b6c;
    7241 : 2b69;
    7242 : 2b66;
    7243 : 2b63;
    7244 : 2b60;
    7245 : 2b5d;
    7246 : 2b5b;
    7247 : 2b58;
    7248 : 2b55;
    7249 : 2b52;
    7250 : 2b4f;
    7251 : 2b4c;
    7252 : 2b49;
    7253 : 2b46;
    7254 : 2b43;
    7255 : 2b40;
    7256 : 2b3d;
    7257 : 2b3a;
    7258 : 2b37;
    7259 : 2b34;
    7260 : 2b31;
    7261 : 2b2e;
    7262 : 2b2b;
    7263 : 2b29;
    7264 : 2b26;
    7265 : 2b23;
    7266 : 2b20;
    7267 : 2b1d;
    7268 : 2b1a;
    7269 : 2b17;
    7270 : 2b14;
    7271 : 2b11;
    7272 : 2b0e;
    7273 : 2b0b;
    7274 : 2b08;
    7275 : 2b05;
    7276 : 2b02;
    7277 : 2aff;
    7278 : 2afc;
    7279 : 2af9;
    7280 : 2af6;
    7281 : 2af3;
    7282 : 2af1;
    7283 : 2aee;
    7284 : 2aeb;
    7285 : 2ae8;
    7286 : 2ae5;
    7287 : 2ae2;
    7288 : 2adf;
    7289 : 2adc;
    7290 : 2ad9;
    7291 : 2ad6;
    7292 : 2ad3;
    7293 : 2ad0;
    7294 : 2acd;
    7295 : 2aca;
    7296 : 2ac7;
    7297 : 2ac4;
    7298 : 2ac1;
    7299 : 2abe;
    7300 : 2abb;
    7301 : 2ab8;
    7302 : 2ab5;
    7303 : 2ab2;
    7304 : 2aaf;
    7305 : 2aac;
    7306 : 2aaa;
    7307 : 2aa7;
    7308 : 2aa4;
    7309 : 2aa1;
    7310 : 2a9e;
    7311 : 2a9b;
    7312 : 2a98;
    7313 : 2a95;
    7314 : 2a92;
    7315 : 2a8f;
    7316 : 2a8c;
    7317 : 2a89;
    7318 : 2a86;
    7319 : 2a83;
    7320 : 2a80;
    7321 : 2a7d;
    7322 : 2a7a;
    7323 : 2a77;
    7324 : 2a74;
    7325 : 2a71;
    7326 : 2a6e;
    7327 : 2a6b;
    7328 : 2a68;
    7329 : 2a65;
    7330 : 2a62;
    7331 : 2a5f;
    7332 : 2a5c;
    7333 : 2a59;
    7334 : 2a56;
    7335 : 2a53;
    7336 : 2a51;
    7337 : 2a4e;
    7338 : 2a4b;
    7339 : 2a48;
    7340 : 2a45;
    7341 : 2a42;
    7342 : 2a3f;
    7343 : 2a3c;
    7344 : 2a39;
    7345 : 2a36;
    7346 : 2a33;
    7347 : 2a30;
    7348 : 2a2d;
    7349 : 2a2a;
    7350 : 2a27;
    7351 : 2a24;
    7352 : 2a21;
    7353 : 2a1e;
    7354 : 2a1b;
    7355 : 2a18;
    7356 : 2a15;
    7357 : 2a12;
    7358 : 2a0f;
    7359 : 2a0c;
    7360 : 2a09;
    7361 : 2a06;
    7362 : 2a03;
    7363 : 2a00;
    7364 : 29fd;
    7365 : 29fa;
    7366 : 29f7;
    7367 : 29f4;
    7368 : 29f1;
    7369 : 29ee;
    7370 : 29eb;
    7371 : 29e8;
    7372 : 29e5;
    7373 : 29e2;
    7374 : 29df;
    7375 : 29dc;
    7376 : 29d9;
    7377 : 29d6;
    7378 : 29d3;
    7379 : 29d0;
    7380 : 29cd;
    7381 : 29ca;
    7382 : 29c7;
    7383 : 29c4;
    7384 : 29c1;
    7385 : 29be;
    7386 : 29bb;
    7387 : 29b8;
    7388 : 29b5;
    7389 : 29b2;
    7390 : 29af;
    7391 : 29ac;
    7392 : 29a9;
    7393 : 29a6;
    7394 : 29a3;
    7395 : 29a0;
    7396 : 299d;
    7397 : 299a;
    7398 : 2997;
    7399 : 2994;
    7400 : 2991;
    7401 : 298e;
    7402 : 298b;
    7403 : 2988;
    7404 : 2985;
    7405 : 2982;
    7406 : 297f;
    7407 : 297c;
    7408 : 2979;
    7409 : 2976;
    7410 : 2973;
    7411 : 2970;
    7412 : 296d;
    7413 : 296a;
    7414 : 2967;
    7415 : 2964;
    7416 : 2961;
    7417 : 295e;
    7418 : 295b;
    7419 : 2958;
    7420 : 2955;
    7421 : 2952;
    7422 : 294f;
    7423 : 294c;
    7424 : 2949;
    7425 : 2946;
    7426 : 2943;
    7427 : 2940;
    7428 : 293d;
    7429 : 293a;
    7430 : 2937;
    7431 : 2934;
    7432 : 2931;
    7433 : 292e;
    7434 : 292b;
    7435 : 2928;
    7436 : 2925;
    7437 : 2922;
    7438 : 291f;
    7439 : 291c;
    7440 : 2919;
    7441 : 2916;
    7442 : 2913;
    7443 : 2910;
    7444 : 290d;
    7445 : 290a;
    7446 : 2907;
    7447 : 2904;
    7448 : 2901;
    7449 : 28fe;
    7450 : 28fb;
    7451 : 28f8;
    7452 : 28f5;
    7453 : 28f2;
    7454 : 28ef;
    7455 : 28ec;
    7456 : 28e9;
    7457 : 28e6;
    7458 : 28e3;
    7459 : 28e0;
    7460 : 28dd;
    7461 : 28da;
    7462 : 28d7;
    7463 : 28d4;
    7464 : 28d1;
    7465 : 28ce;
    7466 : 28cb;
    7467 : 28c8;
    7468 : 28c5;
    7469 : 28c2;
    7470 : 28bf;
    7471 : 28bc;
    7472 : 28b9;
    7473 : 28b6;
    7474 : 28b3;
    7475 : 28b0;
    7476 : 28ad;
    7477 : 28aa;
    7478 : 28a7;
    7479 : 28a4;
    7480 : 28a0;
    7481 : 289d;
    7482 : 289a;
    7483 : 2897;
    7484 : 2894;
    7485 : 2891;
    7486 : 288e;
    7487 : 288b;
    7488 : 2888;
    7489 : 2885;
    7490 : 2882;
    7491 : 287f;
    7492 : 287c;
    7493 : 2879;
    7494 : 2876;
    7495 : 2873;
    7496 : 2870;
    7497 : 286d;
    7498 : 286a;
    7499 : 2867;
    7500 : 2864;
    7501 : 2861;
    7502 : 285e;
    7503 : 285b;
    7504 : 2858;
    7505 : 2855;
    7506 : 2852;
    7507 : 284f;
    7508 : 284c;
    7509 : 2849;
    7510 : 2846;
    7511 : 2843;
    7512 : 2840;
    7513 : 283c;
    7514 : 2839;
    7515 : 2836;
    7516 : 2833;
    7517 : 2830;
    7518 : 282d;
    7519 : 282a;
    7520 : 2827;
    7521 : 2824;
    7522 : 2821;
    7523 : 281e;
    7524 : 281b;
    7525 : 2818;
    7526 : 2815;
    7527 : 2812;
    7528 : 280f;
    7529 : 280c;
    7530 : 2809;
    7531 : 2806;
    7532 : 2803;
    7533 : 2800;
    7534 : 27fd;
    7535 : 27fa;
    7536 : 27f7;
    7537 : 27f4;
    7538 : 27f1;
    7539 : 27ed;
    7540 : 27ea;
    7541 : 27e7;
    7542 : 27e4;
    7543 : 27e1;
    7544 : 27de;
    7545 : 27db;
    7546 : 27d8;
    7547 : 27d5;
    7548 : 27d2;
    7549 : 27cf;
    7550 : 27cc;
    7551 : 27c9;
    7552 : 27c6;
    7553 : 27c3;
    7554 : 27c0;
    7555 : 27bd;
    7556 : 27ba;
    7557 : 27b7;
    7558 : 27b4;
    7559 : 27b1;
    7560 : 27ad;
    7561 : 27aa;
    7562 : 27a7;
    7563 : 27a4;
    7564 : 27a1;
    7565 : 279e;
    7566 : 279b;
    7567 : 2798;
    7568 : 2795;
    7569 : 2792;
    7570 : 278f;
    7571 : 278c;
    7572 : 2789;
    7573 : 2786;
    7574 : 2783;
    7575 : 2780;
    7576 : 277d;
    7577 : 277a;
    7578 : 2777;
    7579 : 2773;
    7580 : 2770;
    7581 : 276d;
    7582 : 276a;
    7583 : 2767;
    7584 : 2764;
    7585 : 2761;
    7586 : 275e;
    7587 : 275b;
    7588 : 2758;
    7589 : 2755;
    7590 : 2752;
    7591 : 274f;
    7592 : 274c;
    7593 : 2749;
    7594 : 2746;
    7595 : 2743;
    7596 : 2740;
    7597 : 273c;
    7598 : 2739;
    7599 : 2736;
    7600 : 2733;
    7601 : 2730;
    7602 : 272d;
    7603 : 272a;
    7604 : 2727;
    7605 : 2724;
    7606 : 2721;
    7607 : 271e;
    7608 : 271b;
    7609 : 2718;
    7610 : 2715;
    7611 : 2712;
    7612 : 270f;
    7613 : 270b;
    7614 : 2708;
    7615 : 2705;
    7616 : 2702;
    7617 : 26ff;
    7618 : 26fc;
    7619 : 26f9;
    7620 : 26f6;
    7621 : 26f3;
    7622 : 26f0;
    7623 : 26ed;
    7624 : 26ea;
    7625 : 26e7;
    7626 : 26e4;
    7627 : 26e1;
    7628 : 26dd;
    7629 : 26da;
    7630 : 26d7;
    7631 : 26d4;
    7632 : 26d1;
    7633 : 26ce;
    7634 : 26cb;
    7635 : 26c8;
    7636 : 26c5;
    7637 : 26c2;
    7638 : 26bf;
    7639 : 26bc;
    7640 : 26b9;
    7641 : 26b6;
    7642 : 26b2;
    7643 : 26af;
    7644 : 26ac;
    7645 : 26a9;
    7646 : 26a6;
    7647 : 26a3;
    7648 : 26a0;
    7649 : 269d;
    7650 : 269a;
    7651 : 2697;
    7652 : 2694;
    7653 : 2691;
    7654 : 268e;
    7655 : 268b;
    7656 : 2687;
    7657 : 2684;
    7658 : 2681;
    7659 : 267e;
    7660 : 267b;
    7661 : 2678;
    7662 : 2675;
    7663 : 2672;
    7664 : 266f;
    7665 : 266c;
    7666 : 2669;
    7667 : 2666;
    7668 : 2663;
    7669 : 265f;
    7670 : 265c;
    7671 : 2659;
    7672 : 2656;
    7673 : 2653;
    7674 : 2650;
    7675 : 264d;
    7676 : 264a;
    7677 : 2647;
    7678 : 2644;
    7679 : 2641;
    7680 : 263e;
    7681 : 263b;
    7682 : 2637;
    7683 : 2634;
    7684 : 2631;
    7685 : 262e;
    7686 : 262b;
    7687 : 2628;
    7688 : 2625;
    7689 : 2622;
    7690 : 261f;
    7691 : 261c;
    7692 : 2619;
    7693 : 2616;
    7694 : 2612;
    7695 : 260f;
    7696 : 260c;
    7697 : 2609;
    7698 : 2606;
    7699 : 2603;
    7700 : 2600;
    7701 : 25fd;
    7702 : 25fa;
    7703 : 25f7;
    7704 : 25f4;
    7705 : 25f0;
    7706 : 25ed;
    7707 : 25ea;
    7708 : 25e7;
    7709 : 25e4;
    7710 : 25e1;
    7711 : 25de;
    7712 : 25db;
    7713 : 25d8;
    7714 : 25d5;
    7715 : 25d2;
    7716 : 25cf;
    7717 : 25cb;
    7718 : 25c8;
    7719 : 25c5;
    7720 : 25c2;
    7721 : 25bf;
    7722 : 25bc;
    7723 : 25b9;
    7724 : 25b6;
    7725 : 25b3;
    7726 : 25b0;
    7727 : 25ad;
    7728 : 25a9;
    7729 : 25a6;
    7730 : 25a3;
    7731 : 25a0;
    7732 : 259d;
    7733 : 259a;
    7734 : 2597;
    7735 : 2594;
    7736 : 2591;
    7737 : 258e;
    7738 : 258b;
    7739 : 2587;
    7740 : 2584;
    7741 : 2581;
    7742 : 257e;
    7743 : 257b;
    7744 : 2578;
    7745 : 2575;
    7746 : 2572;
    7747 : 256f;
    7748 : 256c;
    7749 : 2568;
    7750 : 2565;
    7751 : 2562;
    7752 : 255f;
    7753 : 255c;
    7754 : 2559;
    7755 : 2556;
    7756 : 2553;
    7757 : 2550;
    7758 : 254d;
    7759 : 2549;
    7760 : 2546;
    7761 : 2543;
    7762 : 2540;
    7763 : 253d;
    7764 : 253a;
    7765 : 2537;
    7766 : 2534;
    7767 : 2531;
    7768 : 252e;
    7769 : 252a;
    7770 : 2527;
    7771 : 2524;
    7772 : 2521;
    7773 : 251e;
    7774 : 251b;
    7775 : 2518;
    7776 : 2515;
    7777 : 2512;
    7778 : 250f;
    7779 : 250b;
    7780 : 2508;
    7781 : 2505;
    7782 : 2502;
    7783 : 24ff;
    7784 : 24fc;
    7785 : 24f9;
    7786 : 24f6;
    7787 : 24f3;
    7788 : 24f0;
    7789 : 24ec;
    7790 : 24e9;
    7791 : 24e6;
    7792 : 24e3;
    7793 : 24e0;
    7794 : 24dd;
    7795 : 24da;
    7796 : 24d7;
    7797 : 24d4;
    7798 : 24d1;
    7799 : 24cd;
    7800 : 24ca;
    7801 : 24c7;
    7802 : 24c4;
    7803 : 24c1;
    7804 : 24be;
    7805 : 24bb;
    7806 : 24b8;
    7807 : 24b5;
    7808 : 24b1;
    7809 : 24ae;
    7810 : 24ab;
    7811 : 24a8;
    7812 : 24a5;
    7813 : 24a2;
    7814 : 249f;
    7815 : 249c;
    7816 : 2499;
    7817 : 2495;
    7818 : 2492;
    7819 : 248f;
    7820 : 248c;
    7821 : 2489;
    7822 : 2486;
    7823 : 2483;
    7824 : 2480;
    7825 : 247d;
    7826 : 2479;
    7827 : 2476;
    7828 : 2473;
    7829 : 2470;
    7830 : 246d;
    7831 : 246a;
    7832 : 2467;
    7833 : 2464;
    7834 : 2461;
    7835 : 245d;
    7836 : 245a;
    7837 : 2457;
    7838 : 2454;
    7839 : 2451;
    7840 : 244e;
    7841 : 244b;
    7842 : 2448;
    7843 : 2445;
    7844 : 2441;
    7845 : 243e;
    7846 : 243b;
    7847 : 2438;
    7848 : 2435;
    7849 : 2432;
    7850 : 242f;
    7851 : 242c;
    7852 : 2429;
    7853 : 2425;
    7854 : 2422;
    7855 : 241f;
    7856 : 241c;
    7857 : 2419;
    7858 : 2416;
    7859 : 2413;
    7860 : 2410;
    7861 : 240d;
    7862 : 2409;
    7863 : 2406;
    7864 : 2403;
    7865 : 2400;
    7866 : 23fd;
    7867 : 23fa;
    7868 : 23f7;
    7869 : 23f4;
    7870 : 23f0;
    7871 : 23ed;
    7872 : 23ea;
    7873 : 23e7;
    7874 : 23e4;
    7875 : 23e1;
    7876 : 23de;
    7877 : 23db;
    7878 : 23d8;
    7879 : 23d4;
    7880 : 23d1;
    7881 : 23ce;
    7882 : 23cb;
    7883 : 23c8;
    7884 : 23c5;
    7885 : 23c2;
    7886 : 23bf;
    7887 : 23bb;
    7888 : 23b8;
    7889 : 23b5;
    7890 : 23b2;
    7891 : 23af;
    7892 : 23ac;
    7893 : 23a9;
    7894 : 23a6;
    7895 : 23a2;
    7896 : 239f;
    7897 : 239c;
    7898 : 2399;
    7899 : 2396;
    7900 : 2393;
    7901 : 2390;
    7902 : 238d;
    7903 : 238a;
    7904 : 2386;
    7905 : 2383;
    7906 : 2380;
    7907 : 237d;
    7908 : 237a;
    7909 : 2377;
    7910 : 2374;
    7911 : 2371;
    7912 : 236d;
    7913 : 236a;
    7914 : 2367;
    7915 : 2364;
    7916 : 2361;
    7917 : 235e;
    7918 : 235b;
    7919 : 2358;
    7920 : 2354;
    7921 : 2351;
    7922 : 234e;
    7923 : 234b;
    7924 : 2348;
    7925 : 2345;
    7926 : 2342;
    7927 : 233f;
    7928 : 233b;
    7929 : 2338;
    7930 : 2335;
    7931 : 2332;
    7932 : 232f;
    7933 : 232c;
    7934 : 2329;
    7935 : 2326;
    7936 : 2322;
    7937 : 231f;
    7938 : 231c;
    7939 : 2319;
    7940 : 2316;
    7941 : 2313;
    7942 : 2310;
    7943 : 230d;
    7944 : 2309;
    7945 : 2306;
    7946 : 2303;
    7947 : 2300;
    7948 : 22fd;
    7949 : 22fa;
    7950 : 22f7;
    7951 : 22f4;
    7952 : 22f0;
    7953 : 22ed;
    7954 : 22ea;
    7955 : 22e7;
    7956 : 22e4;
    7957 : 22e1;
    7958 : 22de;
    7959 : 22da;
    7960 : 22d7;
    7961 : 22d4;
    7962 : 22d1;
    7963 : 22ce;
    7964 : 22cb;
    7965 : 22c8;
    7966 : 22c5;
    7967 : 22c1;
    7968 : 22be;
    7969 : 22bb;
    7970 : 22b8;
    7971 : 22b5;
    7972 : 22b2;
    7973 : 22af;
    7974 : 22ac;
    7975 : 22a8;
    7976 : 22a5;
    7977 : 22a2;
    7978 : 229f;
    7979 : 229c;
    7980 : 2299;
    7981 : 2296;
    7982 : 2292;
    7983 : 228f;
    7984 : 228c;
    7985 : 2289;
    7986 : 2286;
    7987 : 2283;
    7988 : 2280;
    7989 : 227d;
    7990 : 2279;
    7991 : 2276;
    7992 : 2273;
    7993 : 2270;
    7994 : 226d;
    7995 : 226a;
    7996 : 2267;
    7997 : 2264;
    7998 : 2260;
    7999 : 225d;
    8000 : 225a;
    8001 : 2257;
    8002 : 2254;
    8003 : 2251;
    8004 : 224e;
    8005 : 224a;
    8006 : 2247;
    8007 : 2244;
    8008 : 2241;
    8009 : 223e;
    8010 : 223b;
    8011 : 2238;
    8012 : 2235;
    8013 : 2231;
    8014 : 222e;
    8015 : 222b;
    8016 : 2228;
    8017 : 2225;
    8018 : 2222;
    8019 : 221f;
    8020 : 221b;
    8021 : 2218;
    8022 : 2215;
    8023 : 2212;
    8024 : 220f;
    8025 : 220c;
    8026 : 2209;
    8027 : 2205;
    8028 : 2202;
    8029 : 21ff;
    8030 : 21fc;
    8031 : 21f9;
    8032 : 21f6;
    8033 : 21f3;
    8034 : 21f0;
    8035 : 21ec;
    8036 : 21e9;
    8037 : 21e6;
    8038 : 21e3;
    8039 : 21e0;
    8040 : 21dd;
    8041 : 21da;
    8042 : 21d6;
    8043 : 21d3;
    8044 : 21d0;
    8045 : 21cd;
    8046 : 21ca;
    8047 : 21c7;
    8048 : 21c4;
    8049 : 21c0;
    8050 : 21bd;
    8051 : 21ba;
    8052 : 21b7;
    8053 : 21b4;
    8054 : 21b1;
    8055 : 21ae;
    8056 : 21ab;
    8057 : 21a7;
    8058 : 21a4;
    8059 : 21a1;
    8060 : 219e;
    8061 : 219b;
    8062 : 2198;
    8063 : 2195;
    8064 : 2191;
    8065 : 218e;
    8066 : 218b;
    8067 : 2188;
    8068 : 2185;
    8069 : 2182;
    8070 : 217f;
    8071 : 217b;
    8072 : 2178;
    8073 : 2175;
    8074 : 2172;
    8075 : 216f;
    8076 : 216c;
    8077 : 2169;
    8078 : 2166;
    8079 : 2162;
    8080 : 215f;
    8081 : 215c;
    8082 : 2159;
    8083 : 2156;
    8084 : 2153;
    8085 : 2150;
    8086 : 214c;
    8087 : 2149;
    8088 : 2146;
    8089 : 2143;
    8090 : 2140;
    8091 : 213d;
    8092 : 213a;
    8093 : 2136;
    8094 : 2133;
    8095 : 2130;
    8096 : 212d;
    8097 : 212a;
    8098 : 2127;
    8099 : 2124;
    8100 : 2120;
    8101 : 211d;
    8102 : 211a;
    8103 : 2117;
    8104 : 2114;
    8105 : 2111;
    8106 : 210e;
    8107 : 210a;
    8108 : 2107;
    8109 : 2104;
    8110 : 2101;
    8111 : 20fe;
    8112 : 20fb;
    8113 : 20f8;
    8114 : 20f4;
    8115 : 20f1;
    8116 : 20ee;
    8117 : 20eb;
    8118 : 20e8;
    8119 : 20e5;
    8120 : 20e2;
    8121 : 20df;
    8122 : 20db;
    8123 : 20d8;
    8124 : 20d5;
    8125 : 20d2;
    8126 : 20cf;
    8127 : 20cc;
    8128 : 20c9;
    8129 : 20c5;
    8130 : 20c2;
    8131 : 20bf;
    8132 : 20bc;
    8133 : 20b9;
    8134 : 20b6;
    8135 : 20b3;
    8136 : 20af;
    8137 : 20ac;
    8138 : 20a9;
    8139 : 20a6;
    8140 : 20a3;
    8141 : 20a0;
    8142 : 209d;
    8143 : 2099;
    8144 : 2096;
    8145 : 2093;
    8146 : 2090;
    8147 : 208d;
    8148 : 208a;
    8149 : 2087;
    8150 : 2083;
    8151 : 2080;
    8152 : 207d;
    8153 : 207a;
    8154 : 2077;
    8155 : 2074;
    8156 : 2071;
    8157 : 206d;
    8158 : 206a;
    8159 : 2067;
    8160 : 2064;
    8161 : 2061;
    8162 : 205e;
    8163 : 205b;
    8164 : 2057;
    8165 : 2054;
    8166 : 2051;
    8167 : 204e;
    8168 : 204b;
    8169 : 2048;
    8170 : 2045;
    8171 : 2041;
    8172 : 203e;
    8173 : 203b;
    8174 : 2038;
    8175 : 2035;
    8176 : 2032;
    8177 : 202f;
    8178 : 202b;
    8179 : 2028;
    8180 : 2025;
    8181 : 2022;
    8182 : 201f;
    8183 : 201c;
    8184 : 2019;
    8185 : 2015;
    8186 : 2012;
    8187 : 200f;
    8188 : 200c;
    8189 : 2009;
    8190 : 2006;
    8191 : 2003;
    8192 : 2000;
    8193 : 1ffc;
    8194 : 1ff9;
    8195 : 1ff6;
    8196 : 1ff3;
    8197 : 1ff0;
    8198 : 1fed;
    8199 : 1fea;
    8200 : 1fe6;
    8201 : 1fe3;
    8202 : 1fe0;
    8203 : 1fdd;
    8204 : 1fda;
    8205 : 1fd7;
    8206 : 1fd4;
    8207 : 1fd0;
    8208 : 1fcd;
    8209 : 1fca;
    8210 : 1fc7;
    8211 : 1fc4;
    8212 : 1fc1;
    8213 : 1fbe;
    8214 : 1fba;
    8215 : 1fb7;
    8216 : 1fb4;
    8217 : 1fb1;
    8218 : 1fae;
    8219 : 1fab;
    8220 : 1fa8;
    8221 : 1fa4;
    8222 : 1fa1;
    8223 : 1f9e;
    8224 : 1f9b;
    8225 : 1f98;
    8226 : 1f95;
    8227 : 1f92;
    8228 : 1f8e;
    8229 : 1f8b;
    8230 : 1f88;
    8231 : 1f85;
    8232 : 1f82;
    8233 : 1f7f;
    8234 : 1f7c;
    8235 : 1f78;
    8236 : 1f75;
    8237 : 1f72;
    8238 : 1f6f;
    8239 : 1f6c;
    8240 : 1f69;
    8241 : 1f66;
    8242 : 1f62;
    8243 : 1f5f;
    8244 : 1f5c;
    8245 : 1f59;
    8246 : 1f56;
    8247 : 1f53;
    8248 : 1f50;
    8249 : 1f4c;
    8250 : 1f49;
    8251 : 1f46;
    8252 : 1f43;
    8253 : 1f40;
    8254 : 1f3d;
    8255 : 1f3a;
    8256 : 1f36;
    8257 : 1f33;
    8258 : 1f30;
    8259 : 1f2d;
    8260 : 1f2a;
    8261 : 1f27;
    8262 : 1f24;
    8263 : 1f20;
    8264 : 1f1d;
    8265 : 1f1a;
    8266 : 1f17;
    8267 : 1f14;
    8268 : 1f11;
    8269 : 1f0e;
    8270 : 1f0b;
    8271 : 1f07;
    8272 : 1f04;
    8273 : 1f01;
    8274 : 1efe;
    8275 : 1efb;
    8276 : 1ef8;
    8277 : 1ef5;
    8278 : 1ef1;
    8279 : 1eee;
    8280 : 1eeb;
    8281 : 1ee8;
    8282 : 1ee5;
    8283 : 1ee2;
    8284 : 1edf;
    8285 : 1edb;
    8286 : 1ed8;
    8287 : 1ed5;
    8288 : 1ed2;
    8289 : 1ecf;
    8290 : 1ecc;
    8291 : 1ec9;
    8292 : 1ec5;
    8293 : 1ec2;
    8294 : 1ebf;
    8295 : 1ebc;
    8296 : 1eb9;
    8297 : 1eb6;
    8298 : 1eb3;
    8299 : 1eaf;
    8300 : 1eac;
    8301 : 1ea9;
    8302 : 1ea6;
    8303 : 1ea3;
    8304 : 1ea0;
    8305 : 1e9d;
    8306 : 1e99;
    8307 : 1e96;
    8308 : 1e93;
    8309 : 1e90;
    8310 : 1e8d;
    8311 : 1e8a;
    8312 : 1e87;
    8313 : 1e84;
    8314 : 1e80;
    8315 : 1e7d;
    8316 : 1e7a;
    8317 : 1e77;
    8318 : 1e74;
    8319 : 1e71;
    8320 : 1e6e;
    8321 : 1e6a;
    8322 : 1e67;
    8323 : 1e64;
    8324 : 1e61;
    8325 : 1e5e;
    8326 : 1e5b;
    8327 : 1e58;
    8328 : 1e54;
    8329 : 1e51;
    8330 : 1e4e;
    8331 : 1e4b;
    8332 : 1e48;
    8333 : 1e45;
    8334 : 1e42;
    8335 : 1e3f;
    8336 : 1e3b;
    8337 : 1e38;
    8338 : 1e35;
    8339 : 1e32;
    8340 : 1e2f;
    8341 : 1e2c;
    8342 : 1e29;
    8343 : 1e25;
    8344 : 1e22;
    8345 : 1e1f;
    8346 : 1e1c;
    8347 : 1e19;
    8348 : 1e16;
    8349 : 1e13;
    8350 : 1e0f;
    8351 : 1e0c;
    8352 : 1e09;
    8353 : 1e06;
    8354 : 1e03;
    8355 : 1e00;
    8356 : 1dfd;
    8357 : 1dfa;
    8358 : 1df6;
    8359 : 1df3;
    8360 : 1df0;
    8361 : 1ded;
    8362 : 1dea;
    8363 : 1de7;
    8364 : 1de4;
    8365 : 1de0;
    8366 : 1ddd;
    8367 : 1dda;
    8368 : 1dd7;
    8369 : 1dd4;
    8370 : 1dd1;
    8371 : 1dce;
    8372 : 1dca;
    8373 : 1dc7;
    8374 : 1dc4;
    8375 : 1dc1;
    8376 : 1dbe;
    8377 : 1dbb;
    8378 : 1db8;
    8379 : 1db5;
    8380 : 1db1;
    8381 : 1dae;
    8382 : 1dab;
    8383 : 1da8;
    8384 : 1da5;
    8385 : 1da2;
    8386 : 1d9f;
    8387 : 1d9b;
    8388 : 1d98;
    8389 : 1d95;
    8390 : 1d92;
    8391 : 1d8f;
    8392 : 1d8c;
    8393 : 1d89;
    8394 : 1d86;
    8395 : 1d82;
    8396 : 1d7f;
    8397 : 1d7c;
    8398 : 1d79;
    8399 : 1d76;
    8400 : 1d73;
    8401 : 1d70;
    8402 : 1d6d;
    8403 : 1d69;
    8404 : 1d66;
    8405 : 1d63;
    8406 : 1d60;
    8407 : 1d5d;
    8408 : 1d5a;
    8409 : 1d57;
    8410 : 1d53;
    8411 : 1d50;
    8412 : 1d4d;
    8413 : 1d4a;
    8414 : 1d47;
    8415 : 1d44;
    8416 : 1d41;
    8417 : 1d3e;
    8418 : 1d3a;
    8419 : 1d37;
    8420 : 1d34;
    8421 : 1d31;
    8422 : 1d2e;
    8423 : 1d2b;
    8424 : 1d28;
    8425 : 1d25;
    8426 : 1d21;
    8427 : 1d1e;
    8428 : 1d1b;
    8429 : 1d18;
    8430 : 1d15;
    8431 : 1d12;
    8432 : 1d0f;
    8433 : 1d0b;
    8434 : 1d08;
    8435 : 1d05;
    8436 : 1d02;
    8437 : 1cff;
    8438 : 1cfc;
    8439 : 1cf9;
    8440 : 1cf6;
    8441 : 1cf2;
    8442 : 1cef;
    8443 : 1cec;
    8444 : 1ce9;
    8445 : 1ce6;
    8446 : 1ce3;
    8447 : 1ce0;
    8448 : 1cdd;
    8449 : 1cd9;
    8450 : 1cd6;
    8451 : 1cd3;
    8452 : 1cd0;
    8453 : 1ccd;
    8454 : 1cca;
    8455 : 1cc7;
    8456 : 1cc4;
    8457 : 1cc0;
    8458 : 1cbd;
    8459 : 1cba;
    8460 : 1cb7;
    8461 : 1cb4;
    8462 : 1cb1;
    8463 : 1cae;
    8464 : 1cab;
    8465 : 1ca7;
    8466 : 1ca4;
    8467 : 1ca1;
    8468 : 1c9e;
    8469 : 1c9b;
    8470 : 1c98;
    8471 : 1c95;
    8472 : 1c92;
    8473 : 1c8e;
    8474 : 1c8b;
    8475 : 1c88;
    8476 : 1c85;
    8477 : 1c82;
    8478 : 1c7f;
    8479 : 1c7c;
    8480 : 1c79;
    8481 : 1c75;
    8482 : 1c72;
    8483 : 1c6f;
    8484 : 1c6c;
    8485 : 1c69;
    8486 : 1c66;
    8487 : 1c63;
    8488 : 1c60;
    8489 : 1c5d;
    8490 : 1c59;
    8491 : 1c56;
    8492 : 1c53;
    8493 : 1c50;
    8494 : 1c4d;
    8495 : 1c4a;
    8496 : 1c47;
    8497 : 1c44;
    8498 : 1c40;
    8499 : 1c3d;
    8500 : 1c3a;
    8501 : 1c37;
    8502 : 1c34;
    8503 : 1c31;
    8504 : 1c2e;
    8505 : 1c2b;
    8506 : 1c27;
    8507 : 1c24;
    8508 : 1c21;
    8509 : 1c1e;
    8510 : 1c1b;
    8511 : 1c18;
    8512 : 1c15;
    8513 : 1c12;
    8514 : 1c0f;
    8515 : 1c0b;
    8516 : 1c08;
    8517 : 1c05;
    8518 : 1c02;
    8519 : 1bff;
    8520 : 1bfc;
    8521 : 1bf9;
    8522 : 1bf6;
    8523 : 1bf2;
    8524 : 1bef;
    8525 : 1bec;
    8526 : 1be9;
    8527 : 1be6;
    8528 : 1be3;
    8529 : 1be0;
    8530 : 1bdd;
    8531 : 1bda;
    8532 : 1bd6;
    8533 : 1bd3;
    8534 : 1bd0;
    8535 : 1bcd;
    8536 : 1bca;
    8537 : 1bc7;
    8538 : 1bc4;
    8539 : 1bc1;
    8540 : 1bbe;
    8541 : 1bba;
    8542 : 1bb7;
    8543 : 1bb4;
    8544 : 1bb1;
    8545 : 1bae;
    8546 : 1bab;
    8547 : 1ba8;
    8548 : 1ba5;
    8549 : 1ba2;
    8550 : 1b9e;
    8551 : 1b9b;
    8552 : 1b98;
    8553 : 1b95;
    8554 : 1b92;
    8555 : 1b8f;
    8556 : 1b8c;
    8557 : 1b89;
    8558 : 1b86;
    8559 : 1b82;
    8560 : 1b7f;
    8561 : 1b7c;
    8562 : 1b79;
    8563 : 1b76;
    8564 : 1b73;
    8565 : 1b70;
    8566 : 1b6d;
    8567 : 1b6a;
    8568 : 1b66;
    8569 : 1b63;
    8570 : 1b60;
    8571 : 1b5d;
    8572 : 1b5a;
    8573 : 1b57;
    8574 : 1b54;
    8575 : 1b51;
    8576 : 1b4e;
    8577 : 1b4a;
    8578 : 1b47;
    8579 : 1b44;
    8580 : 1b41;
    8581 : 1b3e;
    8582 : 1b3b;
    8583 : 1b38;
    8584 : 1b35;
    8585 : 1b32;
    8586 : 1b2e;
    8587 : 1b2b;
    8588 : 1b28;
    8589 : 1b25;
    8590 : 1b22;
    8591 : 1b1f;
    8592 : 1b1c;
    8593 : 1b19;
    8594 : 1b16;
    8595 : 1b13;
    8596 : 1b0f;
    8597 : 1b0c;
    8598 : 1b09;
    8599 : 1b06;
    8600 : 1b03;
    8601 : 1b00;
    8602 : 1afd;
    8603 : 1afa;
    8604 : 1af7;
    8605 : 1af4;
    8606 : 1af0;
    8607 : 1aed;
    8608 : 1aea;
    8609 : 1ae7;
    8610 : 1ae4;
    8611 : 1ae1;
    8612 : 1ade;
    8613 : 1adb;
    8614 : 1ad8;
    8615 : 1ad5;
    8616 : 1ad1;
    8617 : 1ace;
    8618 : 1acb;
    8619 : 1ac8;
    8620 : 1ac5;
    8621 : 1ac2;
    8622 : 1abf;
    8623 : 1abc;
    8624 : 1ab9;
    8625 : 1ab6;
    8626 : 1ab2;
    8627 : 1aaf;
    8628 : 1aac;
    8629 : 1aa9;
    8630 : 1aa6;
    8631 : 1aa3;
    8632 : 1aa0;
    8633 : 1a9d;
    8634 : 1a9a;
    8635 : 1a97;
    8636 : 1a93;
    8637 : 1a90;
    8638 : 1a8d;
    8639 : 1a8a;
    8640 : 1a87;
    8641 : 1a84;
    8642 : 1a81;
    8643 : 1a7e;
    8644 : 1a7b;
    8645 : 1a78;
    8646 : 1a74;
    8647 : 1a71;
    8648 : 1a6e;
    8649 : 1a6b;
    8650 : 1a68;
    8651 : 1a65;
    8652 : 1a62;
    8653 : 1a5f;
    8654 : 1a5c;
    8655 : 1a59;
    8656 : 1a56;
    8657 : 1a52;
    8658 : 1a4f;
    8659 : 1a4c;
    8660 : 1a49;
    8661 : 1a46;
    8662 : 1a43;
    8663 : 1a40;
    8664 : 1a3d;
    8665 : 1a3a;
    8666 : 1a37;
    8667 : 1a34;
    8668 : 1a30;
    8669 : 1a2d;
    8670 : 1a2a;
    8671 : 1a27;
    8672 : 1a24;
    8673 : 1a21;
    8674 : 1a1e;
    8675 : 1a1b;
    8676 : 1a18;
    8677 : 1a15;
    8678 : 1a12;
    8679 : 1a0f;
    8680 : 1a0b;
    8681 : 1a08;
    8682 : 1a05;
    8683 : 1a02;
    8684 : 19ff;
    8685 : 19fc;
    8686 : 19f9;
    8687 : 19f6;
    8688 : 19f3;
    8689 : 19f0;
    8690 : 19ed;
    8691 : 19e9;
    8692 : 19e6;
    8693 : 19e3;
    8694 : 19e0;
    8695 : 19dd;
    8696 : 19da;
    8697 : 19d7;
    8698 : 19d4;
    8699 : 19d1;
    8700 : 19ce;
    8701 : 19cb;
    8702 : 19c8;
    8703 : 19c4;
    8704 : 19c1;
    8705 : 19be;
    8706 : 19bb;
    8707 : 19b8;
    8708 : 19b5;
    8709 : 19b2;
    8710 : 19af;
    8711 : 19ac;
    8712 : 19a9;
    8713 : 19a6;
    8714 : 19a3;
    8715 : 19a0;
    8716 : 199c;
    8717 : 1999;
    8718 : 1996;
    8719 : 1993;
    8720 : 1990;
    8721 : 198d;
    8722 : 198a;
    8723 : 1987;
    8724 : 1984;
    8725 : 1981;
    8726 : 197e;
    8727 : 197b;
    8728 : 1978;
    8729 : 1974;
    8730 : 1971;
    8731 : 196e;
    8732 : 196b;
    8733 : 1968;
    8734 : 1965;
    8735 : 1962;
    8736 : 195f;
    8737 : 195c;
    8738 : 1959;
    8739 : 1956;
    8740 : 1953;
    8741 : 1950;
    8742 : 194d;
    8743 : 1949;
    8744 : 1946;
    8745 : 1943;
    8746 : 1940;
    8747 : 193d;
    8748 : 193a;
    8749 : 1937;
    8750 : 1934;
    8751 : 1931;
    8752 : 192e;
    8753 : 192b;
    8754 : 1928;
    8755 : 1925;
    8756 : 1922;
    8757 : 191e;
    8758 : 191b;
    8759 : 1918;
    8760 : 1915;
    8761 : 1912;
    8762 : 190f;
    8763 : 190c;
    8764 : 1909;
    8765 : 1906;
    8766 : 1903;
    8767 : 1900;
    8768 : 18fd;
    8769 : 18fa;
    8770 : 18f7;
    8771 : 18f4;
    8772 : 18f0;
    8773 : 18ed;
    8774 : 18ea;
    8775 : 18e7;
    8776 : 18e4;
    8777 : 18e1;
    8778 : 18de;
    8779 : 18db;
    8780 : 18d8;
    8781 : 18d5;
    8782 : 18d2;
    8783 : 18cf;
    8784 : 18cc;
    8785 : 18c9;
    8786 : 18c6;
    8787 : 18c3;
    8788 : 18bf;
    8789 : 18bc;
    8790 : 18b9;
    8791 : 18b6;
    8792 : 18b3;
    8793 : 18b0;
    8794 : 18ad;
    8795 : 18aa;
    8796 : 18a7;
    8797 : 18a4;
    8798 : 18a1;
    8799 : 189e;
    8800 : 189b;
    8801 : 1898;
    8802 : 1895;
    8803 : 1892;
    8804 : 188f;
    8805 : 188c;
    8806 : 1888;
    8807 : 1885;
    8808 : 1882;
    8809 : 187f;
    8810 : 187c;
    8811 : 1879;
    8812 : 1876;
    8813 : 1873;
    8814 : 1870;
    8815 : 186d;
    8816 : 186a;
    8817 : 1867;
    8818 : 1864;
    8819 : 1861;
    8820 : 185e;
    8821 : 185b;
    8822 : 1858;
    8823 : 1855;
    8824 : 1852;
    8825 : 184e;
    8826 : 184b;
    8827 : 1848;
    8828 : 1845;
    8829 : 1842;
    8830 : 183f;
    8831 : 183c;
    8832 : 1839;
    8833 : 1836;
    8834 : 1833;
    8835 : 1830;
    8836 : 182d;
    8837 : 182a;
    8838 : 1827;
    8839 : 1824;
    8840 : 1821;
    8841 : 181e;
    8842 : 181b;
    8843 : 1818;
    8844 : 1815;
    8845 : 1812;
    8846 : 180e;
    8847 : 180b;
    8848 : 1808;
    8849 : 1805;
    8850 : 1802;
    8851 : 17ff;
    8852 : 17fc;
    8853 : 17f9;
    8854 : 17f6;
    8855 : 17f3;
    8856 : 17f0;
    8857 : 17ed;
    8858 : 17ea;
    8859 : 17e7;
    8860 : 17e4;
    8861 : 17e1;
    8862 : 17de;
    8863 : 17db;
    8864 : 17d8;
    8865 : 17d5;
    8866 : 17d2;
    8867 : 17cf;
    8868 : 17cc;
    8869 : 17c9;
    8870 : 17c6;
    8871 : 17c3;
    8872 : 17bf;
    8873 : 17bc;
    8874 : 17b9;
    8875 : 17b6;
    8876 : 17b3;
    8877 : 17b0;
    8878 : 17ad;
    8879 : 17aa;
    8880 : 17a7;
    8881 : 17a4;
    8882 : 17a1;
    8883 : 179e;
    8884 : 179b;
    8885 : 1798;
    8886 : 1795;
    8887 : 1792;
    8888 : 178f;
    8889 : 178c;
    8890 : 1789;
    8891 : 1786;
    8892 : 1783;
    8893 : 1780;
    8894 : 177d;
    8895 : 177a;
    8896 : 1777;
    8897 : 1774;
    8898 : 1771;
    8899 : 176e;
    8900 : 176b;
    8901 : 1768;
    8902 : 1765;
    8903 : 1762;
    8904 : 175f;
    8905 : 175b;
    8906 : 1758;
    8907 : 1755;
    8908 : 1752;
    8909 : 174f;
    8910 : 174c;
    8911 : 1749;
    8912 : 1746;
    8913 : 1743;
    8914 : 1740;
    8915 : 173d;
    8916 : 173a;
    8917 : 1737;
    8918 : 1734;
    8919 : 1731;
    8920 : 172e;
    8921 : 172b;
    8922 : 1728;
    8923 : 1725;
    8924 : 1722;
    8925 : 171f;
    8926 : 171c;
    8927 : 1719;
    8928 : 1716;
    8929 : 1713;
    8930 : 1710;
    8931 : 170d;
    8932 : 170a;
    8933 : 1707;
    8934 : 1704;
    8935 : 1701;
    8936 : 16fe;
    8937 : 16fb;
    8938 : 16f8;
    8939 : 16f5;
    8940 : 16f2;
    8941 : 16ef;
    8942 : 16ec;
    8943 : 16e9;
    8944 : 16e6;
    8945 : 16e3;
    8946 : 16e0;
    8947 : 16dd;
    8948 : 16da;
    8949 : 16d7;
    8950 : 16d4;
    8951 : 16d1;
    8952 : 16ce;
    8953 : 16cb;
    8954 : 16c8;
    8955 : 16c5;
    8956 : 16c2;
    8957 : 16bf;
    8958 : 16bc;
    8959 : 16b9;
    8960 : 16b6;
    8961 : 16b3;
    8962 : 16b0;
    8963 : 16ad;
    8964 : 16aa;
    8965 : 16a7;
    8966 : 16a4;
    8967 : 16a1;
    8968 : 169e;
    8969 : 169b;
    8970 : 1698;
    8971 : 1695;
    8972 : 1692;
    8973 : 168f;
    8974 : 168c;
    8975 : 1689;
    8976 : 1686;
    8977 : 1683;
    8978 : 1680;
    8979 : 167d;
    8980 : 167a;
    8981 : 1677;
    8982 : 1674;
    8983 : 1671;
    8984 : 166e;
    8985 : 166b;
    8986 : 1668;
    8987 : 1665;
    8988 : 1662;
    8989 : 165f;
    8990 : 165c;
    8991 : 1659;
    8992 : 1656;
    8993 : 1653;
    8994 : 1650;
    8995 : 164d;
    8996 : 164a;
    8997 : 1647;
    8998 : 1644;
    8999 : 1641;
    9000 : 163e;
    9001 : 163b;
    9002 : 1638;
    9003 : 1635;
    9004 : 1632;
    9005 : 162f;
    9006 : 162c;
    9007 : 1629;
    9008 : 1626;
    9009 : 1623;
    9010 : 1620;
    9011 : 161d;
    9012 : 161a;
    9013 : 1617;
    9014 : 1614;
    9015 : 1611;
    9016 : 160e;
    9017 : 160b;
    9018 : 1608;
    9019 : 1605;
    9020 : 1602;
    9021 : 15ff;
    9022 : 15fc;
    9023 : 15f9;
    9024 : 15f6;
    9025 : 15f3;
    9026 : 15f0;
    9027 : 15ed;
    9028 : 15ea;
    9029 : 15e7;
    9030 : 15e4;
    9031 : 15e1;
    9032 : 15de;
    9033 : 15db;
    9034 : 15d8;
    9035 : 15d5;
    9036 : 15d2;
    9037 : 15cf;
    9038 : 15cc;
    9039 : 15c9;
    9040 : 15c6;
    9041 : 15c3;
    9042 : 15c0;
    9043 : 15bd;
    9044 : 15ba;
    9045 : 15b7;
    9046 : 15b4;
    9047 : 15b1;
    9048 : 15ae;
    9049 : 15ac;
    9050 : 15a9;
    9051 : 15a6;
    9052 : 15a3;
    9053 : 15a0;
    9054 : 159d;
    9055 : 159a;
    9056 : 1597;
    9057 : 1594;
    9058 : 1591;
    9059 : 158e;
    9060 : 158b;
    9061 : 1588;
    9062 : 1585;
    9063 : 1582;
    9064 : 157f;
    9065 : 157c;
    9066 : 1579;
    9067 : 1576;
    9068 : 1573;
    9069 : 1570;
    9070 : 156d;
    9071 : 156a;
    9072 : 1567;
    9073 : 1564;
    9074 : 1561;
    9075 : 155e;
    9076 : 155b;
    9077 : 1558;
    9078 : 1555;
    9079 : 1553;
    9080 : 1550;
    9081 : 154d;
    9082 : 154a;
    9083 : 1547;
    9084 : 1544;
    9085 : 1541;
    9086 : 153e;
    9087 : 153b;
    9088 : 1538;
    9089 : 1535;
    9090 : 1532;
    9091 : 152f;
    9092 : 152c;
    9093 : 1529;
    9094 : 1526;
    9095 : 1523;
    9096 : 1520;
    9097 : 151d;
    9098 : 151a;
    9099 : 1517;
    9100 : 1514;
    9101 : 1511;
    9102 : 150e;
    9103 : 150c;
    9104 : 1509;
    9105 : 1506;
    9106 : 1503;
    9107 : 1500;
    9108 : 14fd;
    9109 : 14fa;
    9110 : 14f7;
    9111 : 14f4;
    9112 : 14f1;
    9113 : 14ee;
    9114 : 14eb;
    9115 : 14e8;
    9116 : 14e5;
    9117 : 14e2;
    9118 : 14df;
    9119 : 14dc;
    9120 : 14d9;
    9121 : 14d6;
    9122 : 14d4;
    9123 : 14d1;
    9124 : 14ce;
    9125 : 14cb;
    9126 : 14c8;
    9127 : 14c5;
    9128 : 14c2;
    9129 : 14bf;
    9130 : 14bc;
    9131 : 14b9;
    9132 : 14b6;
    9133 : 14b3;
    9134 : 14b0;
    9135 : 14ad;
    9136 : 14aa;
    9137 : 14a7;
    9138 : 14a4;
    9139 : 14a2;
    9140 : 149f;
    9141 : 149c;
    9142 : 1499;
    9143 : 1496;
    9144 : 1493;
    9145 : 1490;
    9146 : 148d;
    9147 : 148a;
    9148 : 1487;
    9149 : 1484;
    9150 : 1481;
    9151 : 147e;
    9152 : 147b;
    9153 : 1478;
    9154 : 1476;
    9155 : 1473;
    9156 : 1470;
    9157 : 146d;
    9158 : 146a;
    9159 : 1467;
    9160 : 1464;
    9161 : 1461;
    9162 : 145e;
    9163 : 145b;
    9164 : 1458;
    9165 : 1455;
    9166 : 1452;
    9167 : 1450;
    9168 : 144d;
    9169 : 144a;
    9170 : 1447;
    9171 : 1444;
    9172 : 1441;
    9173 : 143e;
    9174 : 143b;
    9175 : 1438;
    9176 : 1435;
    9177 : 1432;
    9178 : 142f;
    9179 : 142c;
    9180 : 142a;
    9181 : 1427;
    9182 : 1424;
    9183 : 1421;
    9184 : 141e;
    9185 : 141b;
    9186 : 1418;
    9187 : 1415;
    9188 : 1412;
    9189 : 140f;
    9190 : 140c;
    9191 : 1409;
    9192 : 1407;
    9193 : 1404;
    9194 : 1401;
    9195 : 13fe;
    9196 : 13fb;
    9197 : 13f8;
    9198 : 13f5;
    9199 : 13f2;
    9200 : 13ef;
    9201 : 13ec;
    9202 : 13e9;
    9203 : 13e7;
    9204 : 13e4;
    9205 : 13e1;
    9206 : 13de;
    9207 : 13db;
    9208 : 13d8;
    9209 : 13d5;
    9210 : 13d2;
    9211 : 13cf;
    9212 : 13cc;
    9213 : 13c9;
    9214 : 13c7;
    9215 : 13c4;
    9216 : 13c1;
    9217 : 13be;
    9218 : 13bb;
    9219 : 13b8;
    9220 : 13b5;
    9221 : 13b2;
    9222 : 13af;
    9223 : 13ac;
    9224 : 13aa;
    9225 : 13a7;
    9226 : 13a4;
    9227 : 13a1;
    9228 : 139e;
    9229 : 139b;
    9230 : 1398;
    9231 : 1395;
    9232 : 1392;
    9233 : 138f;
    9234 : 138d;
    9235 : 138a;
    9236 : 1387;
    9237 : 1384;
    9238 : 1381;
    9239 : 137e;
    9240 : 137b;
    9241 : 1378;
    9242 : 1375;
    9243 : 1373;
    9244 : 1370;
    9245 : 136d;
    9246 : 136a;
    9247 : 1367;
    9248 : 1364;
    9249 : 1361;
    9250 : 135e;
    9251 : 135b;
    9252 : 1359;
    9253 : 1356;
    9254 : 1353;
    9255 : 1350;
    9256 : 134d;
    9257 : 134a;
    9258 : 1347;
    9259 : 1344;
    9260 : 1342;
    9261 : 133f;
    9262 : 133c;
    9263 : 1339;
    9264 : 1336;
    9265 : 1333;
    9266 : 1330;
    9267 : 132d;
    9268 : 132a;
    9269 : 1328;
    9270 : 1325;
    9271 : 1322;
    9272 : 131f;
    9273 : 131c;
    9274 : 1319;
    9275 : 1316;
    9276 : 1313;
    9277 : 1311;
    9278 : 130e;
    9279 : 130b;
    9280 : 1308;
    9281 : 1305;
    9282 : 1302;
    9283 : 12ff;
    9284 : 12fc;
    9285 : 12fa;
    9286 : 12f7;
    9287 : 12f4;
    9288 : 12f1;
    9289 : 12ee;
    9290 : 12eb;
    9291 : 12e8;
    9292 : 12e6;
    9293 : 12e3;
    9294 : 12e0;
    9295 : 12dd;
    9296 : 12da;
    9297 : 12d7;
    9298 : 12d4;
    9299 : 12d1;
    9300 : 12cf;
    9301 : 12cc;
    9302 : 12c9;
    9303 : 12c6;
    9304 : 12c3;
    9305 : 12c0;
    9306 : 12bd;
    9307 : 12bb;
    9308 : 12b8;
    9309 : 12b5;
    9310 : 12b2;
    9311 : 12af;
    9312 : 12ac;
    9313 : 12a9;
    9314 : 12a7;
    9315 : 12a4;
    9316 : 12a1;
    9317 : 129e;
    9318 : 129b;
    9319 : 1298;
    9320 : 1295;
    9321 : 1293;
    9322 : 1290;
    9323 : 128d;
    9324 : 128a;
    9325 : 1287;
    9326 : 1284;
    9327 : 1282;
    9328 : 127f;
    9329 : 127c;
    9330 : 1279;
    9331 : 1276;
    9332 : 1273;
    9333 : 1270;
    9334 : 126e;
    9335 : 126b;
    9336 : 1268;
    9337 : 1265;
    9338 : 1262;
    9339 : 125f;
    9340 : 125d;
    9341 : 125a;
    9342 : 1257;
    9343 : 1254;
    9344 : 1251;
    9345 : 124e;
    9346 : 124c;
    9347 : 1249;
    9348 : 1246;
    9349 : 1243;
    9350 : 1240;
    9351 : 123d;
    9352 : 123a;
    9353 : 1238;
    9354 : 1235;
    9355 : 1232;
    9356 : 122f;
    9357 : 122c;
    9358 : 1229;
    9359 : 1227;
    9360 : 1224;
    9361 : 1221;
    9362 : 121e;
    9363 : 121b;
    9364 : 1218;
    9365 : 1216;
    9366 : 1213;
    9367 : 1210;
    9368 : 120d;
    9369 : 120a;
    9370 : 1208;
    9371 : 1205;
    9372 : 1202;
    9373 : 11ff;
    9374 : 11fc;
    9375 : 11f9;
    9376 : 11f7;
    9377 : 11f4;
    9378 : 11f1;
    9379 : 11ee;
    9380 : 11eb;
    9381 : 11e8;
    9382 : 11e6;
    9383 : 11e3;
    9384 : 11e0;
    9385 : 11dd;
    9386 : 11da;
    9387 : 11d8;
    9388 : 11d5;
    9389 : 11d2;
    9390 : 11cf;
    9391 : 11cc;
    9392 : 11c9;
    9393 : 11c7;
    9394 : 11c4;
    9395 : 11c1;
    9396 : 11be;
    9397 : 11bb;
    9398 : 11b9;
    9399 : 11b6;
    9400 : 11b3;
    9401 : 11b0;
    9402 : 11ad;
    9403 : 11ab;
    9404 : 11a8;
    9405 : 11a5;
    9406 : 11a2;
    9407 : 119f;
    9408 : 119d;
    9409 : 119a;
    9410 : 1197;
    9411 : 1194;
    9412 : 1191;
    9413 : 118e;
    9414 : 118c;
    9415 : 1189;
    9416 : 1186;
    9417 : 1183;
    9418 : 1180;
    9419 : 117e;
    9420 : 117b;
    9421 : 1178;
    9422 : 1175;
    9423 : 1172;
    9424 : 1170;
    9425 : 116d;
    9426 : 116a;
    9427 : 1167;
    9428 : 1164;
    9429 : 1162;
    9430 : 115f;
    9431 : 115c;
    9432 : 1159;
    9433 : 1157;
    9434 : 1154;
    9435 : 1151;
    9436 : 114e;
    9437 : 114b;
    9438 : 1149;
    9439 : 1146;
    9440 : 1143;
    9441 : 1140;
    9442 : 113d;
    9443 : 113b;
    9444 : 1138;
    9445 : 1135;
    9446 : 1132;
    9447 : 112f;
    9448 : 112d;
    9449 : 112a;
    9450 : 1127;
    9451 : 1124;
    9452 : 1122;
    9453 : 111f;
    9454 : 111c;
    9455 : 1119;
    9456 : 1116;
    9457 : 1114;
    9458 : 1111;
    9459 : 110e;
    9460 : 110b;
    9461 : 1109;
    9462 : 1106;
    9463 : 1103;
    9464 : 1100;
    9465 : 10fd;
    9466 : 10fb;
    9467 : 10f8;
    9468 : 10f5;
    9469 : 10f2;
    9470 : 10f0;
    9471 : 10ed;
    9472 : 10ea;
    9473 : 10e7;
    9474 : 10e5;
    9475 : 10e2;
    9476 : 10df;
    9477 : 10dc;
    9478 : 10d9;
    9479 : 10d7;
    9480 : 10d4;
    9481 : 10d1;
    9482 : 10ce;
    9483 : 10cc;
    9484 : 10c9;
    9485 : 10c6;
    9486 : 10c3;
    9487 : 10c1;
    9488 : 10be;
    9489 : 10bb;
    9490 : 10b8;
    9491 : 10b6;
    9492 : 10b3;
    9493 : 10b0;
    9494 : 10ad;
    9495 : 10aa;
    9496 : 10a8;
    9497 : 10a5;
    9498 : 10a2;
    9499 : 109f;
    9500 : 109d;
    9501 : 109a;
    9502 : 1097;
    9503 : 1094;
    9504 : 1092;
    9505 : 108f;
    9506 : 108c;
    9507 : 1089;
    9508 : 1087;
    9509 : 1084;
    9510 : 1081;
    9511 : 107e;
    9512 : 107c;
    9513 : 1079;
    9514 : 1076;
    9515 : 1073;
    9516 : 1071;
    9517 : 106e;
    9518 : 106b;
    9519 : 1068;
    9520 : 1066;
    9521 : 1063;
    9522 : 1060;
    9523 : 105e;
    9524 : 105b;
    9525 : 1058;
    9526 : 1055;
    9527 : 1053;
    9528 : 1050;
    9529 : 104d;
    9530 : 104a;
    9531 : 1048;
    9532 : 1045;
    9533 : 1042;
    9534 : 103f;
    9535 : 103d;
    9536 : 103a;
    9537 : 1037;
    9538 : 1034;
    9539 : 1032;
    9540 : 102f;
    9541 : 102c;
    9542 : 102a;
    9543 : 1027;
    9544 : 1024;
    9545 : 1021;
    9546 : 101f;
    9547 : 101c;
    9548 : 1019;
    9549 : 1016;
    9550 : 1014;
    9551 : 1011;
    9552 : 100e;
    9553 : 100c;
    9554 : 1009;
    9555 : 1006;
    9556 : 1003;
    9557 : 1001;
    9558 : 0ffe;
    9559 : 0ffb;
    9560 : 0ff8;
    9561 : 0ff6;
    9562 : 0ff3;
    9563 : 0ff0;
    9564 : 0fee;
    9565 : 0feb;
    9566 : 0fe8;
    9567 : 0fe5;
    9568 : 0fe3;
    9569 : 0fe0;
    9570 : 0fdd;
    9571 : 0fdb;
    9572 : 0fd8;
    9573 : 0fd5;
    9574 : 0fd2;
    9575 : 0fd0;
    9576 : 0fcd;
    9577 : 0fca;
    9578 : 0fc8;
    9579 : 0fc5;
    9580 : 0fc2;
    9581 : 0fc0;
    9582 : 0fbd;
    9583 : 0fba;
    9584 : 0fb7;
    9585 : 0fb5;
    9586 : 0fb2;
    9587 : 0faf;
    9588 : 0fad;
    9589 : 0faa;
    9590 : 0fa7;
    9591 : 0fa5;
    9592 : 0fa2;
    9593 : 0f9f;
    9594 : 0f9c;
    9595 : 0f9a;
    9596 : 0f97;
    9597 : 0f94;
    9598 : 0f92;
    9599 : 0f8f;
    9600 : 0f8c;
    9601 : 0f8a;
    9602 : 0f87;
    9603 : 0f84;
    9604 : 0f81;
    9605 : 0f7f;
    9606 : 0f7c;
    9607 : 0f79;
    9608 : 0f77;
    9609 : 0f74;
    9610 : 0f71;
    9611 : 0f6f;
    9612 : 0f6c;
    9613 : 0f69;
    9614 : 0f67;
    9615 : 0f64;
    9616 : 0f61;
    9617 : 0f5f;
    9618 : 0f5c;
    9619 : 0f59;
    9620 : 0f56;
    9621 : 0f54;
    9622 : 0f51;
    9623 : 0f4e;
    9624 : 0f4c;
    9625 : 0f49;
    9626 : 0f46;
    9627 : 0f44;
    9628 : 0f41;
    9629 : 0f3e;
    9630 : 0f3c;
    9631 : 0f39;
    9632 : 0f36;
    9633 : 0f34;
    9634 : 0f31;
    9635 : 0f2e;
    9636 : 0f2c;
    9637 : 0f29;
    9638 : 0f26;
    9639 : 0f24;
    9640 : 0f21;
    9641 : 0f1e;
    9642 : 0f1c;
    9643 : 0f19;
    9644 : 0f16;
    9645 : 0f14;
    9646 : 0f11;
    9647 : 0f0e;
    9648 : 0f0c;
    9649 : 0f09;
    9650 : 0f06;
    9651 : 0f04;
    9652 : 0f01;
    9653 : 0efe;
    9654 : 0efc;
    9655 : 0ef9;
    9656 : 0ef6;
    9657 : 0ef4;
    9658 : 0ef1;
    9659 : 0eee;
    9660 : 0eec;
    9661 : 0ee9;
    9662 : 0ee6;
    9663 : 0ee4;
    9664 : 0ee1;
    9665 : 0ede;
    9666 : 0edc;
    9667 : 0ed9;
    9668 : 0ed6;
    9669 : 0ed4;
    9670 : 0ed1;
    9671 : 0ecf;
    9672 : 0ecc;
    9673 : 0ec9;
    9674 : 0ec7;
    9675 : 0ec4;
    9676 : 0ec1;
    9677 : 0ebf;
    9678 : 0ebc;
    9679 : 0eb9;
    9680 : 0eb7;
    9681 : 0eb4;
    9682 : 0eb1;
    9683 : 0eaf;
    9684 : 0eac;
    9685 : 0ea9;
    9686 : 0ea7;
    9687 : 0ea4;
    9688 : 0ea2;
    9689 : 0e9f;
    9690 : 0e9c;
    9691 : 0e9a;
    9692 : 0e97;
    9693 : 0e94;
    9694 : 0e92;
    9695 : 0e8f;
    9696 : 0e8c;
    9697 : 0e8a;
    9698 : 0e87;
    9699 : 0e85;
    9700 : 0e82;
    9701 : 0e7f;
    9702 : 0e7d;
    9703 : 0e7a;
    9704 : 0e77;
    9705 : 0e75;
    9706 : 0e72;
    9707 : 0e70;
    9708 : 0e6d;
    9709 : 0e6a;
    9710 : 0e68;
    9711 : 0e65;
    9712 : 0e62;
    9713 : 0e60;
    9714 : 0e5d;
    9715 : 0e5b;
    9716 : 0e58;
    9717 : 0e55;
    9718 : 0e53;
    9719 : 0e50;
    9720 : 0e4d;
    9721 : 0e4b;
    9722 : 0e48;
    9723 : 0e46;
    9724 : 0e43;
    9725 : 0e40;
    9726 : 0e3e;
    9727 : 0e3b;
    9728 : 0e39;
    9729 : 0e36;
    9730 : 0e33;
    9731 : 0e31;
    9732 : 0e2e;
    9733 : 0e2b;
    9734 : 0e29;
    9735 : 0e26;
    9736 : 0e24;
    9737 : 0e21;
    9738 : 0e1e;
    9739 : 0e1c;
    9740 : 0e19;
    9741 : 0e17;
    9742 : 0e14;
    9743 : 0e11;
    9744 : 0e0f;
    9745 : 0e0c;
    9746 : 0e0a;
    9747 : 0e07;
    9748 : 0e04;
    9749 : 0e02;
    9750 : 0dff;
    9751 : 0dfd;
    9752 : 0dfa;
    9753 : 0df7;
    9754 : 0df5;
    9755 : 0df2;
    9756 : 0df0;
    9757 : 0ded;
    9758 : 0dea;
    9759 : 0de8;
    9760 : 0de5;
    9761 : 0de3;
    9762 : 0de0;
    9763 : 0dde;
    9764 : 0ddb;
    9765 : 0dd8;
    9766 : 0dd6;
    9767 : 0dd3;
    9768 : 0dd1;
    9769 : 0dce;
    9770 : 0dcb;
    9771 : 0dc9;
    9772 : 0dc6;
    9773 : 0dc4;
    9774 : 0dc1;
    9775 : 0dbf;
    9776 : 0dbc;
    9777 : 0db9;
    9778 : 0db7;
    9779 : 0db4;
    9780 : 0db2;
    9781 : 0daf;
    9782 : 0dac;
    9783 : 0daa;
    9784 : 0da7;
    9785 : 0da5;
    9786 : 0da2;
    9787 : 0da0;
    9788 : 0d9d;
    9789 : 0d9a;
    9790 : 0d98;
    9791 : 0d95;
    9792 : 0d93;
    9793 : 0d90;
    9794 : 0d8e;
    9795 : 0d8b;
    9796 : 0d88;
    9797 : 0d86;
    9798 : 0d83;
    9799 : 0d81;
    9800 : 0d7e;
    9801 : 0d7c;
    9802 : 0d79;
    9803 : 0d77;
    9804 : 0d74;
    9805 : 0d71;
    9806 : 0d6f;
    9807 : 0d6c;
    9808 : 0d6a;
    9809 : 0d67;
    9810 : 0d65;
    9811 : 0d62;
    9812 : 0d60;
    9813 : 0d5d;
    9814 : 0d5a;
    9815 : 0d58;
    9816 : 0d55;
    9817 : 0d53;
    9818 : 0d50;
    9819 : 0d4e;
    9820 : 0d4b;
    9821 : 0d49;
    9822 : 0d46;
    9823 : 0d43;
    9824 : 0d41;
    9825 : 0d3e;
    9826 : 0d3c;
    9827 : 0d39;
    9828 : 0d37;
    9829 : 0d34;
    9830 : 0d32;
    9831 : 0d2f;
    9832 : 0d2d;
    9833 : 0d2a;
    9834 : 0d28;
    9835 : 0d25;
    9836 : 0d22;
    9837 : 0d20;
    9838 : 0d1d;
    9839 : 0d1b;
    9840 : 0d18;
    9841 : 0d16;
    9842 : 0d13;
    9843 : 0d11;
    9844 : 0d0e;
    9845 : 0d0c;
    9846 : 0d09;
    9847 : 0d07;
    9848 : 0d04;
    9849 : 0d02;
    9850 : 0cff;
    9851 : 0cfc;
    9852 : 0cfa;
    9853 : 0cf7;
    9854 : 0cf5;
    9855 : 0cf2;
    9856 : 0cf0;
    9857 : 0ced;
    9858 : 0ceb;
    9859 : 0ce8;
    9860 : 0ce6;
    9861 : 0ce3;
    9862 : 0ce1;
    9863 : 0cde;
    9864 : 0cdc;
    9865 : 0cd9;
    9866 : 0cd7;
    9867 : 0cd4;
    9868 : 0cd2;
    9869 : 0ccf;
    9870 : 0ccd;
    9871 : 0cca;
    9872 : 0cc8;
    9873 : 0cc5;
    9874 : 0cc3;
    9875 : 0cc0;
    9876 : 0cbe;
    9877 : 0cbb;
    9878 : 0cb8;
    9879 : 0cb6;
    9880 : 0cb3;
    9881 : 0cb1;
    9882 : 0cae;
    9883 : 0cac;
    9884 : 0ca9;
    9885 : 0ca7;
    9886 : 0ca4;
    9887 : 0ca2;
    9888 : 0c9f;
    9889 : 0c9d;
    9890 : 0c9a;
    9891 : 0c98;
    9892 : 0c95;
    9893 : 0c93;
    9894 : 0c90;
    9895 : 0c8e;
    9896 : 0c8b;
    9897 : 0c89;
    9898 : 0c86;
    9899 : 0c84;
    9900 : 0c82;
    9901 : 0c7f;
    9902 : 0c7d;
    9903 : 0c7a;
    9904 : 0c78;
    9905 : 0c75;
    9906 : 0c73;
    9907 : 0c70;
    9908 : 0c6e;
    9909 : 0c6b;
    9910 : 0c69;
    9911 : 0c66;
    9912 : 0c64;
    9913 : 0c61;
    9914 : 0c5f;
    9915 : 0c5c;
    9916 : 0c5a;
    9917 : 0c57;
    9918 : 0c55;
    9919 : 0c52;
    9920 : 0c50;
    9921 : 0c4d;
    9922 : 0c4b;
    9923 : 0c48;
    9924 : 0c46;
    9925 : 0c43;
    9926 : 0c41;
    9927 : 0c3f;
    9928 : 0c3c;
    9929 : 0c3a;
    9930 : 0c37;
    9931 : 0c35;
    9932 : 0c32;
    9933 : 0c30;
    9934 : 0c2d;
    9935 : 0c2b;
    9936 : 0c28;
    9937 : 0c26;
    9938 : 0c23;
    9939 : 0c21;
    9940 : 0c1e;
    9941 : 0c1c;
    9942 : 0c1a;
    9943 : 0c17;
    9944 : 0c15;
    9945 : 0c12;
    9946 : 0c10;
    9947 : 0c0d;
    9948 : 0c0b;
    9949 : 0c08;
    9950 : 0c06;
    9951 : 0c03;
    9952 : 0c01;
    9953 : 0bff;
    9954 : 0bfc;
    9955 : 0bfa;
    9956 : 0bf7;
    9957 : 0bf5;
    9958 : 0bf2;
    9959 : 0bf0;
    9960 : 0bed;
    9961 : 0beb;
    9962 : 0be8;
    9963 : 0be6;
    9964 : 0be4;
    9965 : 0be1;
    9966 : 0bdf;
    9967 : 0bdc;
    9968 : 0bda;
    9969 : 0bd7;
    9970 : 0bd5;
    9971 : 0bd3;
    9972 : 0bd0;
    9973 : 0bce;
    9974 : 0bcb;
    9975 : 0bc9;
    9976 : 0bc6;
    9977 : 0bc4;
    9978 : 0bc1;
    9979 : 0bbf;
    9980 : 0bbd;
    9981 : 0bba;
    9982 : 0bb8;
    9983 : 0bb5;
    9984 : 0bb3;
    9985 : 0bb0;
    9986 : 0bae;
    9987 : 0bac;
    9988 : 0ba9;
    9989 : 0ba7;
    9990 : 0ba4;
    9991 : 0ba2;
    9992 : 0b9f;
    9993 : 0b9d;
    9994 : 0b9b;
    9995 : 0b98;
    9996 : 0b96;
    9997 : 0b93;
    9998 : 0b91;
    9999 : 0b8f;
    10000 : 0b8c;
    10001 : 0b8a;
    10002 : 0b87;
    10003 : 0b85;
    10004 : 0b82;
    10005 : 0b80;
    10006 : 0b7e;
    10007 : 0b7b;
    10008 : 0b79;
    10009 : 0b76;
    10010 : 0b74;
    10011 : 0b72;
    10012 : 0b6f;
    10013 : 0b6d;
    10014 : 0b6a;
    10015 : 0b68;
    10016 : 0b66;
    10017 : 0b63;
    10018 : 0b61;
    10019 : 0b5e;
    10020 : 0b5c;
    10021 : 0b5a;
    10022 : 0b57;
    10023 : 0b55;
    10024 : 0b52;
    10025 : 0b50;
    10026 : 0b4e;
    10027 : 0b4b;
    10028 : 0b49;
    10029 : 0b46;
    10030 : 0b44;
    10031 : 0b42;
    10032 : 0b3f;
    10033 : 0b3d;
    10034 : 0b3a;
    10035 : 0b38;
    10036 : 0b36;
    10037 : 0b33;
    10038 : 0b31;
    10039 : 0b2e;
    10040 : 0b2c;
    10041 : 0b2a;
    10042 : 0b27;
    10043 : 0b25;
    10044 : 0b23;
    10045 : 0b20;
    10046 : 0b1e;
    10047 : 0b1b;
    10048 : 0b19;
    10049 : 0b17;
    10050 : 0b14;
    10051 : 0b12;
    10052 : 0b10;
    10053 : 0b0d;
    10054 : 0b0b;
    10055 : 0b08;
    10056 : 0b06;
    10057 : 0b04;
    10058 : 0b01;
    10059 : 0aff;
    10060 : 0afd;
    10061 : 0afa;
    10062 : 0af8;
    10063 : 0af5;
    10064 : 0af3;
    10065 : 0af1;
    10066 : 0aee;
    10067 : 0aec;
    10068 : 0aea;
    10069 : 0ae7;
    10070 : 0ae5;
    10071 : 0ae3;
    10072 : 0ae0;
    10073 : 0ade;
    10074 : 0adb;
    10075 : 0ad9;
    10076 : 0ad7;
    10077 : 0ad4;
    10078 : 0ad2;
    10079 : 0ad0;
    10080 : 0acd;
    10081 : 0acb;
    10082 : 0ac9;
    10083 : 0ac6;
    10084 : 0ac4;
    10085 : 0ac2;
    10086 : 0abf;
    10087 : 0abd;
    10088 : 0abb;
    10089 : 0ab8;
    10090 : 0ab6;
    10091 : 0ab3;
    10092 : 0ab1;
    10093 : 0aaf;
    10094 : 0aac;
    10095 : 0aaa;
    10096 : 0aa8;
    10097 : 0aa5;
    10098 : 0aa3;
    10099 : 0aa1;
    10100 : 0a9e;
    10101 : 0a9c;
    10102 : 0a9a;
    10103 : 0a97;
    10104 : 0a95;
    10105 : 0a93;
    10106 : 0a90;
    10107 : 0a8e;
    10108 : 0a8c;
    10109 : 0a89;
    10110 : 0a87;
    10111 : 0a85;
    10112 : 0a82;
    10113 : 0a80;
    10114 : 0a7e;
    10115 : 0a7b;
    10116 : 0a79;
    10117 : 0a77;
    10118 : 0a74;
    10119 : 0a72;
    10120 : 0a70;
    10121 : 0a6e;
    10122 : 0a6b;
    10123 : 0a69;
    10124 : 0a67;
    10125 : 0a64;
    10126 : 0a62;
    10127 : 0a60;
    10128 : 0a5d;
    10129 : 0a5b;
    10130 : 0a59;
    10131 : 0a56;
    10132 : 0a54;
    10133 : 0a52;
    10134 : 0a4f;
    10135 : 0a4d;
    10136 : 0a4b;
    10137 : 0a48;
    10138 : 0a46;
    10139 : 0a44;
    10140 : 0a42;
    10141 : 0a3f;
    10142 : 0a3d;
    10143 : 0a3b;
    10144 : 0a38;
    10145 : 0a36;
    10146 : 0a34;
    10147 : 0a31;
    10148 : 0a2f;
    10149 : 0a2d;
    10150 : 0a2b;
    10151 : 0a28;
    10152 : 0a26;
    10153 : 0a24;
    10154 : 0a21;
    10155 : 0a1f;
    10156 : 0a1d;
    10157 : 0a1b;
    10158 : 0a18;
    10159 : 0a16;
    10160 : 0a14;
    10161 : 0a11;
    10162 : 0a0f;
    10163 : 0a0d;
    10164 : 0a0a;
    10165 : 0a08;
    10166 : 0a06;
    10167 : 0a04;
    10168 : 0a01;
    10169 : 09ff;
    10170 : 09fd;
    10171 : 09fb;
    10172 : 09f8;
    10173 : 09f6;
    10174 : 09f4;
    10175 : 09f1;
    10176 : 09ef;
    10177 : 09ed;
    10178 : 09eb;
    10179 : 09e8;
    10180 : 09e6;
    10181 : 09e4;
    10182 : 09e1;
    10183 : 09df;
    10184 : 09dd;
    10185 : 09db;
    10186 : 09d8;
    10187 : 09d6;
    10188 : 09d4;
    10189 : 09d2;
    10190 : 09cf;
    10191 : 09cd;
    10192 : 09cb;
    10193 : 09c9;
    10194 : 09c6;
    10195 : 09c4;
    10196 : 09c2;
    10197 : 09c0;
    10198 : 09bd;
    10199 : 09bb;
    10200 : 09b9;
    10201 : 09b7;
    10202 : 09b4;
    10203 : 09b2;
    10204 : 09b0;
    10205 : 09ad;
    10206 : 09ab;
    10207 : 09a9;
    10208 : 09a7;
    10209 : 09a5;
    10210 : 09a2;
    10211 : 09a0;
    10212 : 099e;
    10213 : 099c;
    10214 : 0999;
    10215 : 0997;
    10216 : 0995;
    10217 : 0993;
    10218 : 0990;
    10219 : 098e;
    10220 : 098c;
    10221 : 098a;
    10222 : 0987;
    10223 : 0985;
    10224 : 0983;
    10225 : 0981;
    10226 : 097e;
    10227 : 097c;
    10228 : 097a;
    10229 : 0978;
    10230 : 0975;
    10231 : 0973;
    10232 : 0971;
    10233 : 096f;
    10234 : 096d;
    10235 : 096a;
    10236 : 0968;
    10237 : 0966;
    10238 : 0964;
    10239 : 0961;
    10240 : 095f;
    10241 : 095d;
    10242 : 095b;
    10243 : 0959;
    10244 : 0956;
    10245 : 0954;
    10246 : 0952;
    10247 : 0950;
    10248 : 094d;
    10249 : 094b;
    10250 : 0949;
    10251 : 0947;
    10252 : 0945;
    10253 : 0942;
    10254 : 0940;
    10255 : 093e;
    10256 : 093c;
    10257 : 093a;
    10258 : 0937;
    10259 : 0935;
    10260 : 0933;
    10261 : 0931;
    10262 : 092f;
    10263 : 092c;
    10264 : 092a;
    10265 : 0928;
    10266 : 0926;
    10267 : 0924;
    10268 : 0921;
    10269 : 091f;
    10270 : 091d;
    10271 : 091b;
    10272 : 0919;
    10273 : 0916;
    10274 : 0914;
    10275 : 0912;
    10276 : 0910;
    10277 : 090e;
    10278 : 090b;
    10279 : 0909;
    10280 : 0907;
    10281 : 0905;
    10282 : 0903;
    10283 : 0901;
    10284 : 08fe;
    10285 : 08fc;
    10286 : 08fa;
    10287 : 08f8;
    10288 : 08f6;
    10289 : 08f3;
    10290 : 08f1;
    10291 : 08ef;
    10292 : 08ed;
    10293 : 08eb;
    10294 : 08e9;
    10295 : 08e6;
    10296 : 08e4;
    10297 : 08e2;
    10298 : 08e0;
    10299 : 08de;
    10300 : 08dc;
    10301 : 08d9;
    10302 : 08d7;
    10303 : 08d5;
    10304 : 08d3;
    10305 : 08d1;
    10306 : 08ce;
    10307 : 08cc;
    10308 : 08ca;
    10309 : 08c8;
    10310 : 08c6;
    10311 : 08c4;
    10312 : 08c2;
    10313 : 08bf;
    10314 : 08bd;
    10315 : 08bb;
    10316 : 08b9;
    10317 : 08b7;
    10318 : 08b5;
    10319 : 08b2;
    10320 : 08b0;
    10321 : 08ae;
    10322 : 08ac;
    10323 : 08aa;
    10324 : 08a8;
    10325 : 08a6;
    10326 : 08a3;
    10327 : 08a1;
    10328 : 089f;
    10329 : 089d;
    10330 : 089b;
    10331 : 0899;
    10332 : 0897;
    10333 : 0894;
    10334 : 0892;
    10335 : 0890;
    10336 : 088e;
    10337 : 088c;
    10338 : 088a;
    10339 : 0888;
    10340 : 0885;
    10341 : 0883;
    10342 : 0881;
    10343 : 087f;
    10344 : 087d;
    10345 : 087b;
    10346 : 0879;
    10347 : 0876;
    10348 : 0874;
    10349 : 0872;
    10350 : 0870;
    10351 : 086e;
    10352 : 086c;
    10353 : 086a;
    10354 : 0868;
    10355 : 0865;
    10356 : 0863;
    10357 : 0861;
    10358 : 085f;
    10359 : 085d;
    10360 : 085b;
    10361 : 0859;
    10362 : 0857;
    10363 : 0855;
    10364 : 0852;
    10365 : 0850;
    10366 : 084e;
    10367 : 084c;
    10368 : 084a;
    10369 : 0848;
    10370 : 0846;
    10371 : 0844;
    10372 : 0842;
    10373 : 083f;
    10374 : 083d;
    10375 : 083b;
    10376 : 0839;
    10377 : 0837;
    10378 : 0835;
    10379 : 0833;
    10380 : 0831;
    10381 : 082f;
    10382 : 082d;
    10383 : 082a;
    10384 : 0828;
    10385 : 0826;
    10386 : 0824;
    10387 : 0822;
    10388 : 0820;
    10389 : 081e;
    10390 : 081c;
    10391 : 081a;
    10392 : 0818;
    10393 : 0816;
    10394 : 0813;
    10395 : 0811;
    10396 : 080f;
    10397 : 080d;
    10398 : 080b;
    10399 : 0809;
    10400 : 0807;
    10401 : 0805;
    10402 : 0803;
    10403 : 0801;
    10404 : 07ff;
    10405 : 07fd;
    10406 : 07fa;
    10407 : 07f8;
    10408 : 07f6;
    10409 : 07f4;
    10410 : 07f2;
    10411 : 07f0;
    10412 : 07ee;
    10413 : 07ec;
    10414 : 07ea;
    10415 : 07e8;
    10416 : 07e6;
    10417 : 07e4;
    10418 : 07e2;
    10419 : 07e0;
    10420 : 07de;
    10421 : 07db;
    10422 : 07d9;
    10423 : 07d7;
    10424 : 07d5;
    10425 : 07d3;
    10426 : 07d1;
    10427 : 07cf;
    10428 : 07cd;
    10429 : 07cb;
    10430 : 07c9;
    10431 : 07c7;
    10432 : 07c5;
    10433 : 07c3;
    10434 : 07c1;
    10435 : 07bf;
    10436 : 07bd;
    10437 : 07bb;
    10438 : 07b9;
    10439 : 07b6;
    10440 : 07b4;
    10441 : 07b2;
    10442 : 07b0;
    10443 : 07ae;
    10444 : 07ac;
    10445 : 07aa;
    10446 : 07a8;
    10447 : 07a6;
    10448 : 07a4;
    10449 : 07a2;
    10450 : 07a0;
    10451 : 079e;
    10452 : 079c;
    10453 : 079a;
    10454 : 0798;
    10455 : 0796;
    10456 : 0794;
    10457 : 0792;
    10458 : 0790;
    10459 : 078e;
    10460 : 078c;
    10461 : 078a;
    10462 : 0788;
    10463 : 0786;
    10464 : 0784;
    10465 : 0782;
    10466 : 0780;
    10467 : 077e;
    10468 : 077c;
    10469 : 077a;
    10470 : 0778;
    10471 : 0775;
    10472 : 0773;
    10473 : 0771;
    10474 : 076f;
    10475 : 076d;
    10476 : 076b;
    10477 : 0769;
    10478 : 0767;
    10479 : 0765;
    10480 : 0763;
    10481 : 0761;
    10482 : 075f;
    10483 : 075d;
    10484 : 075b;
    10485 : 0759;
    10486 : 0757;
    10487 : 0755;
    10488 : 0753;
    10489 : 0751;
    10490 : 074f;
    10491 : 074d;
    10492 : 074b;
    10493 : 0749;
    10494 : 0747;
    10495 : 0745;
    10496 : 0743;
    10497 : 0741;
    10498 : 073f;
    10499 : 073d;
    10500 : 073b;
    10501 : 0739;
    10502 : 0737;
    10503 : 0735;
    10504 : 0733;
    10505 : 0731;
    10506 : 0730;
    10507 : 072e;
    10508 : 072c;
    10509 : 072a;
    10510 : 0728;
    10511 : 0726;
    10512 : 0724;
    10513 : 0722;
    10514 : 0720;
    10515 : 071e;
    10516 : 071c;
    10517 : 071a;
    10518 : 0718;
    10519 : 0716;
    10520 : 0714;
    10521 : 0712;
    10522 : 0710;
    10523 : 070e;
    10524 : 070c;
    10525 : 070a;
    10526 : 0708;
    10527 : 0706;
    10528 : 0704;
    10529 : 0702;
    10530 : 0700;
    10531 : 06fe;
    10532 : 06fc;
    10533 : 06fa;
    10534 : 06f8;
    10535 : 06f6;
    10536 : 06f4;
    10537 : 06f2;
    10538 : 06f1;
    10539 : 06ef;
    10540 : 06ed;
    10541 : 06eb;
    10542 : 06e9;
    10543 : 06e7;
    10544 : 06e5;
    10545 : 06e3;
    10546 : 06e1;
    10547 : 06df;
    10548 : 06dd;
    10549 : 06db;
    10550 : 06d9;
    10551 : 06d7;
    10552 : 06d5;
    10553 : 06d3;
    10554 : 06d1;
    10555 : 06cf;
    10556 : 06cd;
    10557 : 06cc;
    10558 : 06ca;
    10559 : 06c8;
    10560 : 06c6;
    10561 : 06c4;
    10562 : 06c2;
    10563 : 06c0;
    10564 : 06be;
    10565 : 06bc;
    10566 : 06ba;
    10567 : 06b8;
    10568 : 06b6;
    10569 : 06b4;
    10570 : 06b2;
    10571 : 06b1;
    10572 : 06af;
    10573 : 06ad;
    10574 : 06ab;
    10575 : 06a9;
    10576 : 06a7;
    10577 : 06a5;
    10578 : 06a3;
    10579 : 06a1;
    10580 : 069f;
    10581 : 069d;
    10582 : 069b;
    10583 : 069a;
    10584 : 0698;
    10585 : 0696;
    10586 : 0694;
    10587 : 0692;
    10588 : 0690;
    10589 : 068e;
    10590 : 068c;
    10591 : 068a;
    10592 : 0688;
    10593 : 0687;
    10594 : 0685;
    10595 : 0683;
    10596 : 0681;
    10597 : 067f;
    10598 : 067d;
    10599 : 067b;
    10600 : 0679;
    10601 : 0677;
    10602 : 0675;
    10603 : 0674;
    10604 : 0672;
    10605 : 0670;
    10606 : 066e;
    10607 : 066c;
    10608 : 066a;
    10609 : 0668;
    10610 : 0666;
    10611 : 0664;
    10612 : 0663;
    10613 : 0661;
    10614 : 065f;
    10615 : 065d;
    10616 : 065b;
    10617 : 0659;
    10618 : 0657;
    10619 : 0655;
    10620 : 0654;
    10621 : 0652;
    10622 : 0650;
    10623 : 064e;
    10624 : 064c;
    10625 : 064a;
    10626 : 0648;
    10627 : 0646;
    10628 : 0645;
    10629 : 0643;
    10630 : 0641;
    10631 : 063f;
    10632 : 063d;
    10633 : 063b;
    10634 : 0639;
    10635 : 0637;
    10636 : 0636;
    10637 : 0634;
    10638 : 0632;
    10639 : 0630;
    10640 : 062e;
    10641 : 062c;
    10642 : 062a;
    10643 : 0629;
    10644 : 0627;
    10645 : 0625;
    10646 : 0623;
    10647 : 0621;
    10648 : 061f;
    10649 : 061e;
    10650 : 061c;
    10651 : 061a;
    10652 : 0618;
    10653 : 0616;
    10654 : 0614;
    10655 : 0612;
    10656 : 0611;
    10657 : 060f;
    10658 : 060d;
    10659 : 060b;
    10660 : 0609;
    10661 : 0607;
    10662 : 0606;
    10663 : 0604;
    10664 : 0602;
    10665 : 0600;
    10666 : 05fe;
    10667 : 05fc;
    10668 : 05fb;
    10669 : 05f9;
    10670 : 05f7;
    10671 : 05f5;
    10672 : 05f3;
    10673 : 05f1;
    10674 : 05f0;
    10675 : 05ee;
    10676 : 05ec;
    10677 : 05ea;
    10678 : 05e8;
    10679 : 05e7;
    10680 : 05e5;
    10681 : 05e3;
    10682 : 05e1;
    10683 : 05df;
    10684 : 05dd;
    10685 : 05dc;
    10686 : 05da;
    10687 : 05d8;
    10688 : 05d6;
    10689 : 05d4;
    10690 : 05d3;
    10691 : 05d1;
    10692 : 05cf;
    10693 : 05cd;
    10694 : 05cb;
    10695 : 05ca;
    10696 : 05c8;
    10697 : 05c6;
    10698 : 05c4;
    10699 : 05c2;
    10700 : 05c1;
    10701 : 05bf;
    10702 : 05bd;
    10703 : 05bb;
    10704 : 05b9;
    10705 : 05b8;
    10706 : 05b6;
    10707 : 05b4;
    10708 : 05b2;
    10709 : 05b0;
    10710 : 05af;
    10711 : 05ad;
    10712 : 05ab;
    10713 : 05a9;
    10714 : 05a8;
    10715 : 05a6;
    10716 : 05a4;
    10717 : 05a2;
    10718 : 05a0;
    10719 : 059f;
    10720 : 059d;
    10721 : 059b;
    10722 : 0599;
    10723 : 0598;
    10724 : 0596;
    10725 : 0594;
    10726 : 0592;
    10727 : 0590;
    10728 : 058f;
    10729 : 058d;
    10730 : 058b;
    10731 : 0589;
    10732 : 0588;
    10733 : 0586;
    10734 : 0584;
    10735 : 0582;
    10736 : 0581;
    10737 : 057f;
    10738 : 057d;
    10739 : 057b;
    10740 : 057a;
    10741 : 0578;
    10742 : 0576;
    10743 : 0574;
    10744 : 0573;
    10745 : 0571;
    10746 : 056f;
    10747 : 056d;
    10748 : 056c;
    10749 : 056a;
    10750 : 0568;
    10751 : 0566;
    10752 : 0565;
    10753 : 0563;
    10754 : 0561;
    10755 : 055f;
    10756 : 055e;
    10757 : 055c;
    10758 : 055a;
    10759 : 0558;
    10760 : 0557;
    10761 : 0555;
    10762 : 0553;
    10763 : 0551;
    10764 : 0550;
    10765 : 054e;
    10766 : 054c;
    10767 : 054a;
    10768 : 0549;
    10769 : 0547;
    10770 : 0545;
    10771 : 0544;
    10772 : 0542;
    10773 : 0540;
    10774 : 053e;
    10775 : 053d;
    10776 : 053b;
    10777 : 0539;
    10778 : 0537;
    10779 : 0536;
    10780 : 0534;
    10781 : 0532;
    10782 : 0531;
    10783 : 052f;
    10784 : 052d;
    10785 : 052b;
    10786 : 052a;
    10787 : 0528;
    10788 : 0526;
    10789 : 0525;
    10790 : 0523;
    10791 : 0521;
    10792 : 0520;
    10793 : 051e;
    10794 : 051c;
    10795 : 051a;
    10796 : 0519;
    10797 : 0517;
    10798 : 0515;
    10799 : 0514;
    10800 : 0512;
    10801 : 0510;
    10802 : 050f;
    10803 : 050d;
    10804 : 050b;
    10805 : 0509;
    10806 : 0508;
    10807 : 0506;
    10808 : 0504;
    10809 : 0503;
    10810 : 0501;
    10811 : 04ff;
    10812 : 04fe;
    10813 : 04fc;
    10814 : 04fa;
    10815 : 04f9;
    10816 : 04f7;
    10817 : 04f5;
    10818 : 04f4;
    10819 : 04f2;
    10820 : 04f0;
    10821 : 04ee;
    10822 : 04ed;
    10823 : 04eb;
    10824 : 04e9;
    10825 : 04e8;
    10826 : 04e6;
    10827 : 04e4;
    10828 : 04e3;
    10829 : 04e1;
    10830 : 04df;
    10831 : 04de;
    10832 : 04dc;
    10833 : 04da;
    10834 : 04d9;
    10835 : 04d7;
    10836 : 04d5;
    10837 : 04d4;
    10838 : 04d2;
    10839 : 04d0;
    10840 : 04cf;
    10841 : 04cd;
    10842 : 04cc;
    10843 : 04ca;
    10844 : 04c8;
    10845 : 04c7;
    10846 : 04c5;
    10847 : 04c3;
    10848 : 04c2;
    10849 : 04c0;
    10850 : 04be;
    10851 : 04bd;
    10852 : 04bb;
    10853 : 04b9;
    10854 : 04b8;
    10855 : 04b6;
    10856 : 04b4;
    10857 : 04b3;
    10858 : 04b1;
    10859 : 04b0;
    10860 : 04ae;
    10861 : 04ac;
    10862 : 04ab;
    10863 : 04a9;
    10864 : 04a7;
    10865 : 04a6;
    10866 : 04a4;
    10867 : 04a2;
    10868 : 04a1;
    10869 : 049f;
    10870 : 049e;
    10871 : 049c;
    10872 : 049a;
    10873 : 0499;
    10874 : 0497;
    10875 : 0496;
    10876 : 0494;
    10877 : 0492;
    10878 : 0491;
    10879 : 048f;
    10880 : 048d;
    10881 : 048c;
    10882 : 048a;
    10883 : 0489;
    10884 : 0487;
    10885 : 0485;
    10886 : 0484;
    10887 : 0482;
    10888 : 0481;
    10889 : 047f;
    10890 : 047d;
    10891 : 047c;
    10892 : 047a;
    10893 : 0479;
    10894 : 0477;
    10895 : 0475;
    10896 : 0474;
    10897 : 0472;
    10898 : 0471;
    10899 : 046f;
    10900 : 046d;
    10901 : 046c;
    10902 : 046a;
    10903 : 0469;
    10904 : 0467;
    10905 : 0465;
    10906 : 0464;
    10907 : 0462;
    10908 : 0461;
    10909 : 045f;
    10910 : 045d;
    10911 : 045c;
    10912 : 045a;
    10913 : 0459;
    10914 : 0457;
    10915 : 0456;
    10916 : 0454;
    10917 : 0452;
    10918 : 0451;
    10919 : 044f;
    10920 : 044e;
    10921 : 044c;
    10922 : 044b;
    10923 : 0449;
    10924 : 0447;
    10925 : 0446;
    10926 : 0444;
    10927 : 0443;
    10928 : 0441;
    10929 : 0440;
    10930 : 043e;
    10931 : 043c;
    10932 : 043b;
    10933 : 0439;
    10934 : 0438;
    10935 : 0436;
    10936 : 0435;
    10937 : 0433;
    10938 : 0431;
    10939 : 0430;
    10940 : 042e;
    10941 : 042d;
    10942 : 042b;
    10943 : 042a;
    10944 : 0428;
    10945 : 0427;
    10946 : 0425;
    10947 : 0424;
    10948 : 0422;
    10949 : 0420;
    10950 : 041f;
    10951 : 041d;
    10952 : 041c;
    10953 : 041a;
    10954 : 0419;
    10955 : 0417;
    10956 : 0416;
    10957 : 0414;
    10958 : 0413;
    10959 : 0411;
    10960 : 0410;
    10961 : 040e;
    10962 : 040c;
    10963 : 040b;
    10964 : 0409;
    10965 : 0408;
    10966 : 0406;
    10967 : 0405;
    10968 : 0403;
    10969 : 0402;
    10970 : 0400;
    10971 : 03ff;
    10972 : 03fd;
    10973 : 03fc;
    10974 : 03fa;
    10975 : 03f9;
    10976 : 03f7;
    10977 : 03f6;
    10978 : 03f4;
    10979 : 03f3;
    10980 : 03f1;
    10981 : 03f0;
    10982 : 03ee;
    10983 : 03ed;
    10984 : 03eb;
    10985 : 03ea;
    10986 : 03e8;
    10987 : 03e7;
    10988 : 03e5;
    10989 : 03e4;
    10990 : 03e2;
    10991 : 03e1;
    10992 : 03df;
    10993 : 03de;
    10994 : 03dc;
    10995 : 03db;
    10996 : 03d9;
    10997 : 03d8;
    10998 : 03d6;
    10999 : 03d5;
    11000 : 03d3;
    11001 : 03d2;
    11002 : 03d0;
    11003 : 03cf;
    11004 : 03cd;
    11005 : 03cc;
    11006 : 03ca;
    11007 : 03c9;
    11008 : 03c7;
    11009 : 03c6;
    11010 : 03c4;
    11011 : 03c3;
    11012 : 03c1;
    11013 : 03c0;
    11014 : 03be;
    11015 : 03bd;
    11016 : 03bb;
    11017 : 03ba;
    11018 : 03b8;
    11019 : 03b7;
    11020 : 03b6;
    11021 : 03b4;
    11022 : 03b3;
    11023 : 03b1;
    11024 : 03b0;
    11025 : 03ae;
    11026 : 03ad;
    11027 : 03ab;
    11028 : 03aa;
    11029 : 03a8;
    11030 : 03a7;
    11031 : 03a5;
    11032 : 03a4;
    11033 : 03a3;
    11034 : 03a1;
    11035 : 03a0;
    11036 : 039e;
    11037 : 039d;
    11038 : 039b;
    11039 : 039a;
    11040 : 0398;
    11041 : 0397;
    11042 : 0396;
    11043 : 0394;
    11044 : 0393;
    11045 : 0391;
    11046 : 0390;
    11047 : 038e;
    11048 : 038d;
    11049 : 038b;
    11050 : 038a;
    11051 : 0389;
    11052 : 0387;
    11053 : 0386;
    11054 : 0384;
    11055 : 0383;
    11056 : 0381;
    11057 : 0380;
    11058 : 037f;
    11059 : 037d;
    11060 : 037c;
    11061 : 037a;
    11062 : 0379;
    11063 : 0377;
    11064 : 0376;
    11065 : 0375;
    11066 : 0373;
    11067 : 0372;
    11068 : 0370;
    11069 : 036f;
    11070 : 036d;
    11071 : 036c;
    11072 : 036b;
    11073 : 0369;
    11074 : 0368;
    11075 : 0366;
    11076 : 0365;
    11077 : 0364;
    11078 : 0362;
    11079 : 0361;
    11080 : 035f;
    11081 : 035e;
    11082 : 035d;
    11083 : 035b;
    11084 : 035a;
    11085 : 0358;
    11086 : 0357;
    11087 : 0356;
    11088 : 0354;
    11089 : 0353;
    11090 : 0351;
    11091 : 0350;
    11092 : 034f;
    11093 : 034d;
    11094 : 034c;
    11095 : 034a;
    11096 : 0349;
    11097 : 0348;
    11098 : 0346;
    11099 : 0345;
    11100 : 0344;
    11101 : 0342;
    11102 : 0341;
    11103 : 033f;
    11104 : 033e;
    11105 : 033d;
    11106 : 033b;
    11107 : 033a;
    11108 : 0339;
    11109 : 0337;
    11110 : 0336;
    11111 : 0334;
    11112 : 0333;
    11113 : 0332;
    11114 : 0330;
    11115 : 032f;
    11116 : 032e;
    11117 : 032c;
    11118 : 032b;
    11119 : 0329;
    11120 : 0328;
    11121 : 0327;
    11122 : 0325;
    11123 : 0324;
    11124 : 0323;
    11125 : 0321;
    11126 : 0320;
    11127 : 031f;
    11128 : 031d;
    11129 : 031c;
    11130 : 031b;
    11131 : 0319;
    11132 : 0318;
    11133 : 0317;
    11134 : 0315;
    11135 : 0314;
    11136 : 0312;
    11137 : 0311;
    11138 : 0310;
    11139 : 030e;
    11140 : 030d;
    11141 : 030c;
    11142 : 030a;
    11143 : 0309;
    11144 : 0308;
    11145 : 0306;
    11146 : 0305;
    11147 : 0304;
    11148 : 0302;
    11149 : 0301;
    11150 : 0300;
    11151 : 02fe;
    11152 : 02fd;
    11153 : 02fc;
    11154 : 02fa;
    11155 : 02f9;
    11156 : 02f8;
    11157 : 02f7;
    11158 : 02f5;
    11159 : 02f4;
    11160 : 02f3;
    11161 : 02f1;
    11162 : 02f0;
    11163 : 02ef;
    11164 : 02ed;
    11165 : 02ec;
    11166 : 02eb;
    11167 : 02e9;
    11168 : 02e8;
    11169 : 02e7;
    11170 : 02e5;
    11171 : 02e4;
    11172 : 02e3;
    11173 : 02e2;
    11174 : 02e0;
    11175 : 02df;
    11176 : 02de;
    11177 : 02dc;
    11178 : 02db;
    11179 : 02da;
    11180 : 02d8;
    11181 : 02d7;
    11182 : 02d6;
    11183 : 02d5;
    11184 : 02d3;
    11185 : 02d2;
    11186 : 02d1;
    11187 : 02cf;
    11188 : 02ce;
    11189 : 02cd;
    11190 : 02cc;
    11191 : 02ca;
    11192 : 02c9;
    11193 : 02c8;
    11194 : 02c6;
    11195 : 02c5;
    11196 : 02c4;
    11197 : 02c3;
    11198 : 02c1;
    11199 : 02c0;
    11200 : 02bf;
    11201 : 02bd;
    11202 : 02bc;
    11203 : 02bb;
    11204 : 02ba;
    11205 : 02b8;
    11206 : 02b7;
    11207 : 02b6;
    11208 : 02b5;
    11209 : 02b3;
    11210 : 02b2;
    11211 : 02b1;
    11212 : 02b0;
    11213 : 02ae;
    11214 : 02ad;
    11215 : 02ac;
    11216 : 02ab;
    11217 : 02a9;
    11218 : 02a8;
    11219 : 02a7;
    11220 : 02a6;
    11221 : 02a4;
    11222 : 02a3;
    11223 : 02a2;
    11224 : 02a1;
    11225 : 029f;
    11226 : 029e;
    11227 : 029d;
    11228 : 029c;
    11229 : 029a;
    11230 : 0299;
    11231 : 0298;
    11232 : 0297;
    11233 : 0295;
    11234 : 0294;
    11235 : 0293;
    11236 : 0292;
    11237 : 0290;
    11238 : 028f;
    11239 : 028e;
    11240 : 028d;
    11241 : 028b;
    11242 : 028a;
    11243 : 0289;
    11244 : 0288;
    11245 : 0287;
    11246 : 0285;
    11247 : 0284;
    11248 : 0283;
    11249 : 0282;
    11250 : 0280;
    11251 : 027f;
    11252 : 027e;
    11253 : 027d;
    11254 : 027c;
    11255 : 027a;
    11256 : 0279;
    11257 : 0278;
    11258 : 0277;
    11259 : 0276;
    11260 : 0274;
    11261 : 0273;
    11262 : 0272;
    11263 : 0271;
    11264 : 0270;
    11265 : 026e;
    11266 : 026d;
    11267 : 026c;
    11268 : 026b;
    11269 : 026a;
    11270 : 0268;
    11271 : 0267;
    11272 : 0266;
    11273 : 0265;
    11274 : 0264;
    11275 : 0262;
    11276 : 0261;
    11277 : 0260;
    11278 : 025f;
    11279 : 025e;
    11280 : 025c;
    11281 : 025b;
    11282 : 025a;
    11283 : 0259;
    11284 : 0258;
    11285 : 0257;
    11286 : 0255;
    11287 : 0254;
    11288 : 0253;
    11289 : 0252;
    11290 : 0251;
    11291 : 024f;
    11292 : 024e;
    11293 : 024d;
    11294 : 024c;
    11295 : 024b;
    11296 : 024a;
    11297 : 0248;
    11298 : 0247;
    11299 : 0246;
    11300 : 0245;
    11301 : 0244;
    11302 : 0243;
    11303 : 0242;
    11304 : 0240;
    11305 : 023f;
    11306 : 023e;
    11307 : 023d;
    11308 : 023c;
    11309 : 023b;
    11310 : 0239;
    11311 : 0238;
    11312 : 0237;
    11313 : 0236;
    11314 : 0235;
    11315 : 0234;
    11316 : 0233;
    11317 : 0231;
    11318 : 0230;
    11319 : 022f;
    11320 : 022e;
    11321 : 022d;
    11322 : 022c;
    11323 : 022b;
    11324 : 0229;
    11325 : 0228;
    11326 : 0227;
    11327 : 0226;
    11328 : 0225;
    11329 : 0224;
    11330 : 0223;
    11331 : 0222;
    11332 : 0220;
    11333 : 021f;
    11334 : 021e;
    11335 : 021d;
    11336 : 021c;
    11337 : 021b;
    11338 : 021a;
    11339 : 0219;
    11340 : 0217;
    11341 : 0216;
    11342 : 0215;
    11343 : 0214;
    11344 : 0213;
    11345 : 0212;
    11346 : 0211;
    11347 : 0210;
    11348 : 020f;
    11349 : 020d;
    11350 : 020c;
    11351 : 020b;
    11352 : 020a;
    11353 : 0209;
    11354 : 0208;
    11355 : 0207;
    11356 : 0206;
    11357 : 0205;
    11358 : 0203;
    11359 : 0202;
    11360 : 0201;
    11361 : 0200;
    11362 : 01ff;
    11363 : 01fe;
    11364 : 01fd;
    11365 : 01fc;
    11366 : 01fb;
    11367 : 01fa;
    11368 : 01f9;
    11369 : 01f7;
    11370 : 01f6;
    11371 : 01f5;
    11372 : 01f4;
    11373 : 01f3;
    11374 : 01f2;
    11375 : 01f1;
    11376 : 01f0;
    11377 : 01ef;
    11378 : 01ee;
    11379 : 01ed;
    11380 : 01ec;
    11381 : 01eb;
    11382 : 01e9;
    11383 : 01e8;
    11384 : 01e7;
    11385 : 01e6;
    11386 : 01e5;
    11387 : 01e4;
    11388 : 01e3;
    11389 : 01e2;
    11390 : 01e1;
    11391 : 01e0;
    11392 : 01df;
    11393 : 01de;
    11394 : 01dd;
    11395 : 01dc;
    11396 : 01db;
    11397 : 01da;
    11398 : 01d9;
    11399 : 01d7;
    11400 : 01d6;
    11401 : 01d5;
    11402 : 01d4;
    11403 : 01d3;
    11404 : 01d2;
    11405 : 01d1;
    11406 : 01d0;
    11407 : 01cf;
    11408 : 01ce;
    11409 : 01cd;
    11410 : 01cc;
    11411 : 01cb;
    11412 : 01ca;
    11413 : 01c9;
    11414 : 01c8;
    11415 : 01c7;
    11416 : 01c6;
    11417 : 01c5;
    11418 : 01c4;
    11419 : 01c3;
    11420 : 01c2;
    11421 : 01c1;
    11422 : 01c0;
    11423 : 01bf;
    11424 : 01be;
    11425 : 01bd;
    11426 : 01bc;
    11427 : 01ba;
    11428 : 01b9;
    11429 : 01b8;
    11430 : 01b7;
    11431 : 01b6;
    11432 : 01b5;
    11433 : 01b4;
    11434 : 01b3;
    11435 : 01b2;
    11436 : 01b1;
    11437 : 01b0;
    11438 : 01af;
    11439 : 01ae;
    11440 : 01ad;
    11441 : 01ac;
    11442 : 01ab;
    11443 : 01aa;
    11444 : 01a9;
    11445 : 01a8;
    11446 : 01a7;
    11447 : 01a6;
    11448 : 01a5;
    11449 : 01a4;
    11450 : 01a3;
    11451 : 01a2;
    11452 : 01a1;
    11453 : 01a0;
    11454 : 019f;
    11455 : 019e;
    11456 : 019d;
    11457 : 019c;
    11458 : 019b;
    11459 : 019a;
    11460 : 019a;
    11461 : 0199;
    11462 : 0198;
    11463 : 0197;
    11464 : 0196;
    11465 : 0195;
    11466 : 0194;
    11467 : 0193;
    11468 : 0192;
    11469 : 0191;
    11470 : 0190;
    11471 : 018f;
    11472 : 018e;
    11473 : 018d;
    11474 : 018c;
    11475 : 018b;
    11476 : 018a;
    11477 : 0189;
    11478 : 0188;
    11479 : 0187;
    11480 : 0186;
    11481 : 0185;
    11482 : 0184;
    11483 : 0183;
    11484 : 0182;
    11485 : 0181;
    11486 : 0180;
    11487 : 017f;
    11488 : 017e;
    11489 : 017e;
    11490 : 017d;
    11491 : 017c;
    11492 : 017b;
    11493 : 017a;
    11494 : 0179;
    11495 : 0178;
    11496 : 0177;
    11497 : 0176;
    11498 : 0175;
    11499 : 0174;
    11500 : 0173;
    11501 : 0172;
    11502 : 0171;
    11503 : 0170;
    11504 : 016f;
    11505 : 016f;
    11506 : 016e;
    11507 : 016d;
    11508 : 016c;
    11509 : 016b;
    11510 : 016a;
    11511 : 0169;
    11512 : 0168;
    11513 : 0167;
    11514 : 0166;
    11515 : 0165;
    11516 : 0164;
    11517 : 0163;
    11518 : 0163;
    11519 : 0162;
    11520 : 0161;
    11521 : 0160;
    11522 : 015f;
    11523 : 015e;
    11524 : 015d;
    11525 : 015c;
    11526 : 015b;
    11527 : 015a;
    11528 : 0159;
    11529 : 0159;
    11530 : 0158;
    11531 : 0157;
    11532 : 0156;
    11533 : 0155;
    11534 : 0154;
    11535 : 0153;
    11536 : 0152;
    11537 : 0151;
    11538 : 0150;
    11539 : 0150;
    11540 : 014f;
    11541 : 014e;
    11542 : 014d;
    11543 : 014c;
    11544 : 014b;
    11545 : 014a;
    11546 : 0149;
    11547 : 0149;
    11548 : 0148;
    11549 : 0147;
    11550 : 0146;
    11551 : 0145;
    11552 : 0144;
    11553 : 0143;
    11554 : 0142;
    11555 : 0142;
    11556 : 0141;
    11557 : 0140;
    11558 : 013f;
    11559 : 013e;
    11560 : 013d;
    11561 : 013c;
    11562 : 013b;
    11563 : 013b;
    11564 : 013a;
    11565 : 0139;
    11566 : 0138;
    11567 : 0137;
    11568 : 0136;
    11569 : 0135;
    11570 : 0135;
    11571 : 0134;
    11572 : 0133;
    11573 : 0132;
    11574 : 0131;
    11575 : 0130;
    11576 : 012f;
    11577 : 012f;
    11578 : 012e;
    11579 : 012d;
    11580 : 012c;
    11581 : 012b;
    11582 : 012a;
    11583 : 012a;
    11584 : 0129;
    11585 : 0128;
    11586 : 0127;
    11587 : 0126;
    11588 : 0125;
    11589 : 0125;
    11590 : 0124;
    11591 : 0123;
    11592 : 0122;
    11593 : 0121;
    11594 : 0120;
    11595 : 0120;
    11596 : 011f;
    11597 : 011e;
    11598 : 011d;
    11599 : 011c;
    11600 : 011b;
    11601 : 011b;
    11602 : 011a;
    11603 : 0119;
    11604 : 0118;
    11605 : 0117;
    11606 : 0117;
    11607 : 0116;
    11608 : 0115;
    11609 : 0114;
    11610 : 0113;
    11611 : 0113;
    11612 : 0112;
    11613 : 0111;
    11614 : 0110;
    11615 : 010f;
    11616 : 010f;
    11617 : 010e;
    11618 : 010d;
    11619 : 010c;
    11620 : 010b;
    11621 : 010b;
    11622 : 010a;
    11623 : 0109;
    11624 : 0108;
    11625 : 0107;
    11626 : 0107;
    11627 : 0106;
    11628 : 0105;
    11629 : 0104;
    11630 : 0103;
    11631 : 0103;
    11632 : 0102;
    11633 : 0101;
    11634 : 0100;
    11635 : 0100;
    11636 : 00ff;
    11637 : 00fe;
    11638 : 00fd;
    11639 : 00fc;
    11640 : 00fc;
    11641 : 00fb;
    11642 : 00fa;
    11643 : 00f9;
    11644 : 00f9;
    11645 : 00f8;
    11646 : 00f7;
    11647 : 00f6;
    11648 : 00f5;
    11649 : 00f5;
    11650 : 00f4;
    11651 : 00f3;
    11652 : 00f2;
    11653 : 00f2;
    11654 : 00f1;
    11655 : 00f0;
    11656 : 00ef;
    11657 : 00ef;
    11658 : 00ee;
    11659 : 00ed;
    11660 : 00ec;
    11661 : 00ec;
    11662 : 00eb;
    11663 : 00ea;
    11664 : 00e9;
    11665 : 00e9;
    11666 : 00e8;
    11667 : 00e7;
    11668 : 00e6;
    11669 : 00e6;
    11670 : 00e5;
    11671 : 00e4;
    11672 : 00e4;
    11673 : 00e3;
    11674 : 00e2;
    11675 : 00e1;
    11676 : 00e1;
    11677 : 00e0;
    11678 : 00df;
    11679 : 00de;
    11680 : 00de;
    11681 : 00dd;
    11682 : 00dc;
    11683 : 00db;
    11684 : 00db;
    11685 : 00da;
    11686 : 00d9;
    11687 : 00d9;
    11688 : 00d8;
    11689 : 00d7;
    11690 : 00d6;
    11691 : 00d6;
    11692 : 00d5;
    11693 : 00d4;
    11694 : 00d4;
    11695 : 00d3;
    11696 : 00d2;
    11697 : 00d1;
    11698 : 00d1;
    11699 : 00d0;
    11700 : 00cf;
    11701 : 00cf;
    11702 : 00ce;
    11703 : 00cd;
    11704 : 00cd;
    11705 : 00cc;
    11706 : 00cb;
    11707 : 00ca;
    11708 : 00ca;
    11709 : 00c9;
    11710 : 00c8;
    11711 : 00c8;
    11712 : 00c7;
    11713 : 00c6;
    11714 : 00c6;
    11715 : 00c5;
    11716 : 00c4;
    11717 : 00c4;
    11718 : 00c3;
    11719 : 00c2;
    11720 : 00c2;
    11721 : 00c1;
    11722 : 00c0;
    11723 : 00c0;
    11724 : 00bf;
    11725 : 00be;
    11726 : 00be;
    11727 : 00bd;
    11728 : 00bc;
    11729 : 00bc;
    11730 : 00bb;
    11731 : 00ba;
    11732 : 00ba;
    11733 : 00b9;
    11734 : 00b8;
    11735 : 00b8;
    11736 : 00b7;
    11737 : 00b6;
    11738 : 00b6;
    11739 : 00b5;
    11740 : 00b4;
    11741 : 00b4;
    11742 : 00b3;
    11743 : 00b2;
    11744 : 00b2;
    11745 : 00b1;
    11746 : 00b0;
    11747 : 00b0;
    11748 : 00af;
    11749 : 00ae;
    11750 : 00ae;
    11751 : 00ad;
    11752 : 00ac;
    11753 : 00ac;
    11754 : 00ab;
    11755 : 00ab;
    11756 : 00aa;
    11757 : 00a9;
    11758 : 00a9;
    11759 : 00a8;
    11760 : 00a7;
    11761 : 00a7;
    11762 : 00a6;
    11763 : 00a5;
    11764 : 00a5;
    11765 : 00a4;
    11766 : 00a4;
    11767 : 00a3;
    11768 : 00a2;
    11769 : 00a2;
    11770 : 00a1;
    11771 : 00a0;
    11772 : 00a0;
    11773 : 009f;
    11774 : 009f;
    11775 : 009e;
    11776 : 009d;
    11777 : 009d;
    11778 : 009c;
    11779 : 009c;
    11780 : 009b;
    11781 : 009a;
    11782 : 009a;
    11783 : 0099;
    11784 : 0099;
    11785 : 0098;
    11786 : 0097;
    11787 : 0097;
    11788 : 0096;
    11789 : 0096;
    11790 : 0095;
    11791 : 0094;
    11792 : 0094;
    11793 : 0093;
    11794 : 0093;
    11795 : 0092;
    11796 : 0091;
    11797 : 0091;
    11798 : 0090;
    11799 : 0090;
    11800 : 008f;
    11801 : 008e;
    11802 : 008e;
    11803 : 008d;
    11804 : 008d;
    11805 : 008c;
    11806 : 008c;
    11807 : 008b;
    11808 : 008a;
    11809 : 008a;
    11810 : 0089;
    11811 : 0089;
    11812 : 0088;
    11813 : 0088;
    11814 : 0087;
    11815 : 0086;
    11816 : 0086;
    11817 : 0085;
    11818 : 0085;
    11819 : 0084;
    11820 : 0084;
    11821 : 0083;
    11822 : 0082;
    11823 : 0082;
    11824 : 0081;
    11825 : 0081;
    11826 : 0080;
    11827 : 0080;
    11828 : 007f;
    11829 : 007f;
    11830 : 007e;
    11831 : 007d;
    11832 : 007d;
    11833 : 007c;
    11834 : 007c;
    11835 : 007b;
    11836 : 007b;
    11837 : 007a;
    11838 : 007a;
    11839 : 0079;
    11840 : 0079;
    11841 : 0078;
    11842 : 0078;
    11843 : 0077;
    11844 : 0076;
    11845 : 0076;
    11846 : 0075;
    11847 : 0075;
    11848 : 0074;
    11849 : 0074;
    11850 : 0073;
    11851 : 0073;
    11852 : 0072;
    11853 : 0072;
    11854 : 0071;
    11855 : 0071;
    11856 : 0070;
    11857 : 0070;
    11858 : 006f;
    11859 : 006f;
    11860 : 006e;
    11861 : 006e;
    11862 : 006d;
    11863 : 006d;
    11864 : 006c;
    11865 : 006c;
    11866 : 006b;
    11867 : 006b;
    11868 : 006a;
    11869 : 006a;
    11870 : 0069;
    11871 : 0069;
    11872 : 0068;
    11873 : 0068;
    11874 : 0067;
    11875 : 0067;
    11876 : 0066;
    11877 : 0066;
    11878 : 0065;
    11879 : 0065;
    11880 : 0064;
    11881 : 0064;
    11882 : 0063;
    11883 : 0063;
    11884 : 0062;
    11885 : 0062;
    11886 : 0061;
    11887 : 0061;
    11888 : 0060;
    11889 : 0060;
    11890 : 005f;
    11891 : 005f;
    11892 : 005e;
    11893 : 005e;
    11894 : 005d;
    11895 : 005d;
    11896 : 005c;
    11897 : 005c;
    11898 : 005b;
    11899 : 005b;
    11900 : 005b;
    11901 : 005a;
    11902 : 005a;
    11903 : 0059;
    11904 : 0059;
    11905 : 0058;
    11906 : 0058;
    11907 : 0057;
    11908 : 0057;
    11909 : 0056;
    11910 : 0056;
    11911 : 0055;
    11912 : 0055;
    11913 : 0055;
    11914 : 0054;
    11915 : 0054;
    11916 : 0053;
    11917 : 0053;
    11918 : 0052;
    11919 : 0052;
    11920 : 0051;
    11921 : 0051;
    11922 : 0051;
    11923 : 0050;
    11924 : 0050;
    11925 : 004f;
    11926 : 004f;
    11927 : 004e;
    11928 : 004e;
    11929 : 004e;
    11930 : 004d;
    11931 : 004d;
    11932 : 004c;
    11933 : 004c;
    11934 : 004b;
    11935 : 004b;
    11936 : 004b;
    11937 : 004a;
    11938 : 004a;
    11939 : 0049;
    11940 : 0049;
    11941 : 0048;
    11942 : 0048;
    11943 : 0048;
    11944 : 0047;
    11945 : 0047;
    11946 : 0046;
    11947 : 0046;
    11948 : 0046;
    11949 : 0045;
    11950 : 0045;
    11951 : 0044;
    11952 : 0044;
    11953 : 0044;
    11954 : 0043;
    11955 : 0043;
    11956 : 0042;
    11957 : 0042;
    11958 : 0042;
    11959 : 0041;
    11960 : 0041;
    11961 : 0040;
    11962 : 0040;
    11963 : 0040;
    11964 : 003f;
    11965 : 003f;
    11966 : 003e;
    11967 : 003e;
    11968 : 003e;
    11969 : 003d;
    11970 : 003d;
    11971 : 003c;
    11972 : 003c;
    11973 : 003c;
    11974 : 003b;
    11975 : 003b;
    11976 : 003b;
    11977 : 003a;
    11978 : 003a;
    11979 : 0039;
    11980 : 0039;
    11981 : 0039;
    11982 : 0038;
    11983 : 0038;
    11984 : 0038;
    11985 : 0037;
    11986 : 0037;
    11987 : 0037;
    11988 : 0036;
    11989 : 0036;
    11990 : 0035;
    11991 : 0035;
    11992 : 0035;
    11993 : 0034;
    11994 : 0034;
    11995 : 0034;
    11996 : 0033;
    11997 : 0033;
    11998 : 0033;
    11999 : 0032;
    12000 : 0032;
    12001 : 0032;
    12002 : 0031;
    12003 : 0031;
    12004 : 0031;
    12005 : 0030;
    12006 : 0030;
    12007 : 0030;
    12008 : 002f;
    12009 : 002f;
    12010 : 002f;
    12011 : 002e;
    12012 : 002e;
    12013 : 002e;
    12014 : 002d;
    12015 : 002d;
    12016 : 002d;
    12017 : 002c;
    12018 : 002c;
    12019 : 002c;
    12020 : 002b;
    12021 : 002b;
    12022 : 002b;
    12023 : 002a;
    12024 : 002a;
    12025 : 002a;
    12026 : 0029;
    12027 : 0029;
    12028 : 0029;
    12029 : 0028;
    12030 : 0028;
    12031 : 0028;
    12032 : 0027;
    12033 : 0027;
    12034 : 0027;
    12035 : 0027;
    12036 : 0026;
    12037 : 0026;
    12038 : 0026;
    12039 : 0025;
    12040 : 0025;
    12041 : 0025;
    12042 : 0024;
    12043 : 0024;
    12044 : 0024;
    12045 : 0024;
    12046 : 0023;
    12047 : 0023;
    12048 : 0023;
    12049 : 0022;
    12050 : 0022;
    12051 : 0022;
    12052 : 0022;
    12053 : 0021;
    12054 : 0021;
    12055 : 0021;
    12056 : 0020;
    12057 : 0020;
    12058 : 0020;
    12059 : 0020;
    12060 : 001f;
    12061 : 001f;
    12062 : 001f;
    12063 : 001e;
    12064 : 001e;
    12065 : 001e;
    12066 : 001e;
    12067 : 001d;
    12068 : 001d;
    12069 : 001d;
    12070 : 001d;
    12071 : 001c;
    12072 : 001c;
    12073 : 001c;
    12074 : 001c;
    12075 : 001b;
    12076 : 001b;
    12077 : 001b;
    12078 : 001b;
    12079 : 001a;
    12080 : 001a;
    12081 : 001a;
    12082 : 001a;
    12083 : 0019;
    12084 : 0019;
    12085 : 0019;
    12086 : 0019;
    12087 : 0018;
    12088 : 0018;
    12089 : 0018;
    12090 : 0018;
    12091 : 0017;
    12092 : 0017;
    12093 : 0017;
    12094 : 0017;
    12095 : 0016;
    12096 : 0016;
    12097 : 0016;
    12098 : 0016;
    12099 : 0016;
    12100 : 0015;
    12101 : 0015;
    12102 : 0015;
    12103 : 0015;
    12104 : 0014;
    12105 : 0014;
    12106 : 0014;
    12107 : 0014;
    12108 : 0014;
    12109 : 0013;
    12110 : 0013;
    12111 : 0013;
    12112 : 0013;
    12113 : 0012;
    12114 : 0012;
    12115 : 0012;
    12116 : 0012;
    12117 : 0012;
    12118 : 0011;
    12119 : 0011;
    12120 : 0011;
    12121 : 0011;
    12122 : 0011;
    12123 : 0010;
    12124 : 0010;
    12125 : 0010;
    12126 : 0010;
    12127 : 0010;
    12128 : 000f;
    12129 : 000f;
    12130 : 000f;
    12131 : 000f;
    12132 : 000f;
    12133 : 000e;
    12134 : 000e;
    12135 : 000e;
    12136 : 000e;
    12137 : 000e;
    12138 : 000e;
    12139 : 000d;
    12140 : 000d;
    12141 : 000d;
    12142 : 000d;
    12143 : 000d;
    12144 : 000c;
    12145 : 000c;
    12146 : 000c;
    12147 : 000c;
    12148 : 000c;
    12149 : 000c;
    12150 : 000b;
    12151 : 000b;
    12152 : 000b;
    12153 : 000b;
    12154 : 000b;
    12155 : 000b;
    12156 : 000a;
    12157 : 000a;
    12158 : 000a;
    12159 : 000a;
    12160 : 000a;
    12161 : 000a;
    12162 : 000a;
    12163 : 0009;
    12164 : 0009;
    12165 : 0009;
    12166 : 0009;
    12167 : 0009;
    12168 : 0009;
    12169 : 0009;
    12170 : 0008;
    12171 : 0008;
    12172 : 0008;
    12173 : 0008;
    12174 : 0008;
    12175 : 0008;
    12176 : 0008;
    12177 : 0007;
    12178 : 0007;
    12179 : 0007;
    12180 : 0007;
    12181 : 0007;
    12182 : 0007;
    12183 : 0007;
    12184 : 0007;
    12185 : 0006;
    12186 : 0006;
    12187 : 0006;
    12188 : 0006;
    12189 : 0006;
    12190 : 0006;
    12191 : 0006;
    12192 : 0006;
    12193 : 0005;
    12194 : 0005;
    12195 : 0005;
    12196 : 0005;
    12197 : 0005;
    12198 : 0005;
    12199 : 0005;
    12200 : 0005;
    12201 : 0005;
    12202 : 0004;
    12203 : 0004;
    12204 : 0004;
    12205 : 0004;
    12206 : 0004;
    12207 : 0004;
    12208 : 0004;
    12209 : 0004;
    12210 : 0004;
    12211 : 0004;
    12212 : 0003;
    12213 : 0003;
    12214 : 0003;
    12215 : 0003;
    12216 : 0003;
    12217 : 0003;
    12218 : 0003;
    12219 : 0003;
    12220 : 0003;
    12221 : 0003;
    12222 : 0003;
    12223 : 0003;
    12224 : 0002;
    12225 : 0002;
    12226 : 0002;
    12227 : 0002;
    12228 : 0002;
    12229 : 0002;
    12230 : 0002;
    12231 : 0002;
    12232 : 0002;
    12233 : 0002;
    12234 : 0002;
    12235 : 0002;
    12236 : 0002;
    12237 : 0002;
    12238 : 0002;
    12239 : 0001;
    12240 : 0001;
    12241 : 0001;
    12242 : 0001;
    12243 : 0001;
    12244 : 0001;
    12245 : 0001;
    12246 : 0001;
    12247 : 0001;
    12248 : 0001;
    12249 : 0001;
    12250 : 0001;
    12251 : 0001;
    12252 : 0001;
    12253 : 0001;
    12254 : 0001;
    12255 : 0001;
    12256 : 0001;
    12257 : 0001;
    12258 : 0001;
    12259 : 0001;
    12260 : 0000;
    12261 : 0000;
    12262 : 0000;
    12263 : 0000;
    12264 : 0000;
    12265 : 0000;
    12266 : 0000;
    12267 : 0000;
    12268 : 0000;
    12269 : 0000;
    12270 : 0000;
    12271 : 0000;
    12272 : 0000;
    12273 : 0000;
    12274 : 0000;
    12275 : 0000;
    12276 : 0000;
    12277 : 0000;
    12278 : 0000;
    12279 : 0000;
    12280 : 0000;
    12281 : 0000;
    12282 : 0000;
    12283 : 0000;
    12284 : 0000;
    12285 : 0000;
    12286 : 0000;
    12287 : 0000;
    12288 : 0000;
    12289 : 0000;
    12290 : 0000;
    12291 : 0000;
    12292 : 0000;
    12293 : 0000;
    12294 : 0000;
    12295 : 0000;
    12296 : 0000;
    12297 : 0000;
    12298 : 0000;
    12299 : 0000;
    12300 : 0000;
    12301 : 0000;
    12302 : 0000;
    12303 : 0000;
    12304 : 0000;
    12305 : 0000;
    12306 : 0000;
    12307 : 0000;
    12308 : 0000;
    12309 : 0000;
    12310 : 0000;
    12311 : 0000;
    12312 : 0000;
    12313 : 0000;
    12314 : 0000;
    12315 : 0000;
    12316 : 0000;
    12317 : 0001;
    12318 : 0001;
    12319 : 0001;
    12320 : 0001;
    12321 : 0001;
    12322 : 0001;
    12323 : 0001;
    12324 : 0001;
    12325 : 0001;
    12326 : 0001;
    12327 : 0001;
    12328 : 0001;
    12329 : 0001;
    12330 : 0001;
    12331 : 0001;
    12332 : 0001;
    12333 : 0001;
    12334 : 0001;
    12335 : 0001;
    12336 : 0001;
    12337 : 0001;
    12338 : 0002;
    12339 : 0002;
    12340 : 0002;
    12341 : 0002;
    12342 : 0002;
    12343 : 0002;
    12344 : 0002;
    12345 : 0002;
    12346 : 0002;
    12347 : 0002;
    12348 : 0002;
    12349 : 0002;
    12350 : 0002;
    12351 : 0002;
    12352 : 0002;
    12353 : 0003;
    12354 : 0003;
    12355 : 0003;
    12356 : 0003;
    12357 : 0003;
    12358 : 0003;
    12359 : 0003;
    12360 : 0003;
    12361 : 0003;
    12362 : 0003;
    12363 : 0003;
    12364 : 0003;
    12365 : 0004;
    12366 : 0004;
    12367 : 0004;
    12368 : 0004;
    12369 : 0004;
    12370 : 0004;
    12371 : 0004;
    12372 : 0004;
    12373 : 0004;
    12374 : 0004;
    12375 : 0005;
    12376 : 0005;
    12377 : 0005;
    12378 : 0005;
    12379 : 0005;
    12380 : 0005;
    12381 : 0005;
    12382 : 0005;
    12383 : 0005;
    12384 : 0006;
    12385 : 0006;
    12386 : 0006;
    12387 : 0006;
    12388 : 0006;
    12389 : 0006;
    12390 : 0006;
    12391 : 0006;
    12392 : 0007;
    12393 : 0007;
    12394 : 0007;
    12395 : 0007;
    12396 : 0007;
    12397 : 0007;
    12398 : 0007;
    12399 : 0007;
    12400 : 0008;
    12401 : 0008;
    12402 : 0008;
    12403 : 0008;
    12404 : 0008;
    12405 : 0008;
    12406 : 0008;
    12407 : 0009;
    12408 : 0009;
    12409 : 0009;
    12410 : 0009;
    12411 : 0009;
    12412 : 0009;
    12413 : 0009;
    12414 : 000a;
    12415 : 000a;
    12416 : 000a;
    12417 : 000a;
    12418 : 000a;
    12419 : 000a;
    12420 : 000a;
    12421 : 000b;
    12422 : 000b;
    12423 : 000b;
    12424 : 000b;
    12425 : 000b;
    12426 : 000b;
    12427 : 000c;
    12428 : 000c;
    12429 : 000c;
    12430 : 000c;
    12431 : 000c;
    12432 : 000c;
    12433 : 000d;
    12434 : 000d;
    12435 : 000d;
    12436 : 000d;
    12437 : 000d;
    12438 : 000e;
    12439 : 000e;
    12440 : 000e;
    12441 : 000e;
    12442 : 000e;
    12443 : 000e;
    12444 : 000f;
    12445 : 000f;
    12446 : 000f;
    12447 : 000f;
    12448 : 000f;
    12449 : 0010;
    12450 : 0010;
    12451 : 0010;
    12452 : 0010;
    12453 : 0010;
    12454 : 0011;
    12455 : 0011;
    12456 : 0011;
    12457 : 0011;
    12458 : 0011;
    12459 : 0012;
    12460 : 0012;
    12461 : 0012;
    12462 : 0012;
    12463 : 0012;
    12464 : 0013;
    12465 : 0013;
    12466 : 0013;
    12467 : 0013;
    12468 : 0014;
    12469 : 0014;
    12470 : 0014;
    12471 : 0014;
    12472 : 0014;
    12473 : 0015;
    12474 : 0015;
    12475 : 0015;
    12476 : 0015;
    12477 : 0016;
    12478 : 0016;
    12479 : 0016;
    12480 : 0016;
    12481 : 0016;
    12482 : 0017;
    12483 : 0017;
    12484 : 0017;
    12485 : 0017;
    12486 : 0018;
    12487 : 0018;
    12488 : 0018;
    12489 : 0018;
    12490 : 0019;
    12491 : 0019;
    12492 : 0019;
    12493 : 0019;
    12494 : 001a;
    12495 : 001a;
    12496 : 001a;
    12497 : 001a;
    12498 : 001b;
    12499 : 001b;
    12500 : 001b;
    12501 : 001b;
    12502 : 001c;
    12503 : 001c;
    12504 : 001c;
    12505 : 001c;
    12506 : 001d;
    12507 : 001d;
    12508 : 001d;
    12509 : 001d;
    12510 : 001e;
    12511 : 001e;
    12512 : 001e;
    12513 : 001e;
    12514 : 001f;
    12515 : 001f;
    12516 : 001f;
    12517 : 0020;
    12518 : 0020;
    12519 : 0020;
    12520 : 0020;
    12521 : 0021;
    12522 : 0021;
    12523 : 0021;
    12524 : 0022;
    12525 : 0022;
    12526 : 0022;
    12527 : 0022;
    12528 : 0023;
    12529 : 0023;
    12530 : 0023;
    12531 : 0024;
    12532 : 0024;
    12533 : 0024;
    12534 : 0024;
    12535 : 0025;
    12536 : 0025;
    12537 : 0025;
    12538 : 0026;
    12539 : 0026;
    12540 : 0026;
    12541 : 0027;
    12542 : 0027;
    12543 : 0027;
    12544 : 0027;
    12545 : 0028;
    12546 : 0028;
    12547 : 0028;
    12548 : 0029;
    12549 : 0029;
    12550 : 0029;
    12551 : 002a;
    12552 : 002a;
    12553 : 002a;
    12554 : 002b;
    12555 : 002b;
    12556 : 002b;
    12557 : 002c;
    12558 : 002c;
    12559 : 002c;
    12560 : 002d;
    12561 : 002d;
    12562 : 002d;
    12563 : 002e;
    12564 : 002e;
    12565 : 002e;
    12566 : 002f;
    12567 : 002f;
    12568 : 002f;
    12569 : 0030;
    12570 : 0030;
    12571 : 0030;
    12572 : 0031;
    12573 : 0031;
    12574 : 0031;
    12575 : 0032;
    12576 : 0032;
    12577 : 0032;
    12578 : 0033;
    12579 : 0033;
    12580 : 0033;
    12581 : 0034;
    12582 : 0034;
    12583 : 0034;
    12584 : 0035;
    12585 : 0035;
    12586 : 0035;
    12587 : 0036;
    12588 : 0036;
    12589 : 0037;
    12590 : 0037;
    12591 : 0037;
    12592 : 0038;
    12593 : 0038;
    12594 : 0038;
    12595 : 0039;
    12596 : 0039;
    12597 : 0039;
    12598 : 003a;
    12599 : 003a;
    12600 : 003b;
    12601 : 003b;
    12602 : 003b;
    12603 : 003c;
    12604 : 003c;
    12605 : 003c;
    12606 : 003d;
    12607 : 003d;
    12608 : 003e;
    12609 : 003e;
    12610 : 003e;
    12611 : 003f;
    12612 : 003f;
    12613 : 0040;
    12614 : 0040;
    12615 : 0040;
    12616 : 0041;
    12617 : 0041;
    12618 : 0042;
    12619 : 0042;
    12620 : 0042;
    12621 : 0043;
    12622 : 0043;
    12623 : 0044;
    12624 : 0044;
    12625 : 0044;
    12626 : 0045;
    12627 : 0045;
    12628 : 0046;
    12629 : 0046;
    12630 : 0046;
    12631 : 0047;
    12632 : 0047;
    12633 : 0048;
    12634 : 0048;
    12635 : 0048;
    12636 : 0049;
    12637 : 0049;
    12638 : 004a;
    12639 : 004a;
    12640 : 004b;
    12641 : 004b;
    12642 : 004b;
    12643 : 004c;
    12644 : 004c;
    12645 : 004d;
    12646 : 004d;
    12647 : 004e;
    12648 : 004e;
    12649 : 004e;
    12650 : 004f;
    12651 : 004f;
    12652 : 0050;
    12653 : 0050;
    12654 : 0051;
    12655 : 0051;
    12656 : 0051;
    12657 : 0052;
    12658 : 0052;
    12659 : 0053;
    12660 : 0053;
    12661 : 0054;
    12662 : 0054;
    12663 : 0055;
    12664 : 0055;
    12665 : 0055;
    12666 : 0056;
    12667 : 0056;
    12668 : 0057;
    12669 : 0057;
    12670 : 0058;
    12671 : 0058;
    12672 : 0059;
    12673 : 0059;
    12674 : 005a;
    12675 : 005a;
    12676 : 005b;
    12677 : 005b;
    12678 : 005b;
    12679 : 005c;
    12680 : 005c;
    12681 : 005d;
    12682 : 005d;
    12683 : 005e;
    12684 : 005e;
    12685 : 005f;
    12686 : 005f;
    12687 : 0060;
    12688 : 0060;
    12689 : 0061;
    12690 : 0061;
    12691 : 0062;
    12692 : 0062;
    12693 : 0063;
    12694 : 0063;
    12695 : 0064;
    12696 : 0064;
    12697 : 0065;
    12698 : 0065;
    12699 : 0066;
    12700 : 0066;
    12701 : 0067;
    12702 : 0067;
    12703 : 0068;
    12704 : 0068;
    12705 : 0069;
    12706 : 0069;
    12707 : 006a;
    12708 : 006a;
    12709 : 006b;
    12710 : 006b;
    12711 : 006c;
    12712 : 006c;
    12713 : 006d;
    12714 : 006d;
    12715 : 006e;
    12716 : 006e;
    12717 : 006f;
    12718 : 006f;
    12719 : 0070;
    12720 : 0070;
    12721 : 0071;
    12722 : 0071;
    12723 : 0072;
    12724 : 0072;
    12725 : 0073;
    12726 : 0073;
    12727 : 0074;
    12728 : 0074;
    12729 : 0075;
    12730 : 0075;
    12731 : 0076;
    12732 : 0076;
    12733 : 0077;
    12734 : 0078;
    12735 : 0078;
    12736 : 0079;
    12737 : 0079;
    12738 : 007a;
    12739 : 007a;
    12740 : 007b;
    12741 : 007b;
    12742 : 007c;
    12743 : 007c;
    12744 : 007d;
    12745 : 007d;
    12746 : 007e;
    12747 : 007f;
    12748 : 007f;
    12749 : 0080;
    12750 : 0080;
    12751 : 0081;
    12752 : 0081;
    12753 : 0082;
    12754 : 0082;
    12755 : 0083;
    12756 : 0084;
    12757 : 0084;
    12758 : 0085;
    12759 : 0085;
    12760 : 0086;
    12761 : 0086;
    12762 : 0087;
    12763 : 0088;
    12764 : 0088;
    12765 : 0089;
    12766 : 0089;
    12767 : 008a;
    12768 : 008a;
    12769 : 008b;
    12770 : 008c;
    12771 : 008c;
    12772 : 008d;
    12773 : 008d;
    12774 : 008e;
    12775 : 008e;
    12776 : 008f;
    12777 : 0090;
    12778 : 0090;
    12779 : 0091;
    12780 : 0091;
    12781 : 0092;
    12782 : 0093;
    12783 : 0093;
    12784 : 0094;
    12785 : 0094;
    12786 : 0095;
    12787 : 0096;
    12788 : 0096;
    12789 : 0097;
    12790 : 0097;
    12791 : 0098;
    12792 : 0099;
    12793 : 0099;
    12794 : 009a;
    12795 : 009a;
    12796 : 009b;
    12797 : 009c;
    12798 : 009c;
    12799 : 009d;
    12800 : 009d;
    12801 : 009e;
    12802 : 009f;
    12803 : 009f;
    12804 : 00a0;
    12805 : 00a0;
    12806 : 00a1;
    12807 : 00a2;
    12808 : 00a2;
    12809 : 00a3;
    12810 : 00a4;
    12811 : 00a4;
    12812 : 00a5;
    12813 : 00a5;
    12814 : 00a6;
    12815 : 00a7;
    12816 : 00a7;
    12817 : 00a8;
    12818 : 00a9;
    12819 : 00a9;
    12820 : 00aa;
    12821 : 00ab;
    12822 : 00ab;
    12823 : 00ac;
    12824 : 00ac;
    12825 : 00ad;
    12826 : 00ae;
    12827 : 00ae;
    12828 : 00af;
    12829 : 00b0;
    12830 : 00b0;
    12831 : 00b1;
    12832 : 00b2;
    12833 : 00b2;
    12834 : 00b3;
    12835 : 00b4;
    12836 : 00b4;
    12837 : 00b5;
    12838 : 00b6;
    12839 : 00b6;
    12840 : 00b7;
    12841 : 00b8;
    12842 : 00b8;
    12843 : 00b9;
    12844 : 00ba;
    12845 : 00ba;
    12846 : 00bb;
    12847 : 00bc;
    12848 : 00bc;
    12849 : 00bd;
    12850 : 00be;
    12851 : 00be;
    12852 : 00bf;
    12853 : 00c0;
    12854 : 00c0;
    12855 : 00c1;
    12856 : 00c2;
    12857 : 00c2;
    12858 : 00c3;
    12859 : 00c4;
    12860 : 00c4;
    12861 : 00c5;
    12862 : 00c6;
    12863 : 00c6;
    12864 : 00c7;
    12865 : 00c8;
    12866 : 00c8;
    12867 : 00c9;
    12868 : 00ca;
    12869 : 00ca;
    12870 : 00cb;
    12871 : 00cc;
    12872 : 00cd;
    12873 : 00cd;
    12874 : 00ce;
    12875 : 00cf;
    12876 : 00cf;
    12877 : 00d0;
    12878 : 00d1;
    12879 : 00d1;
    12880 : 00d2;
    12881 : 00d3;
    12882 : 00d4;
    12883 : 00d4;
    12884 : 00d5;
    12885 : 00d6;
    12886 : 00d6;
    12887 : 00d7;
    12888 : 00d8;
    12889 : 00d9;
    12890 : 00d9;
    12891 : 00da;
    12892 : 00db;
    12893 : 00db;
    12894 : 00dc;
    12895 : 00dd;
    12896 : 00de;
    12897 : 00de;
    12898 : 00df;
    12899 : 00e0;
    12900 : 00e1;
    12901 : 00e1;
    12902 : 00e2;
    12903 : 00e3;
    12904 : 00e4;
    12905 : 00e4;
    12906 : 00e5;
    12907 : 00e6;
    12908 : 00e6;
    12909 : 00e7;
    12910 : 00e8;
    12911 : 00e9;
    12912 : 00e9;
    12913 : 00ea;
    12914 : 00eb;
    12915 : 00ec;
    12916 : 00ec;
    12917 : 00ed;
    12918 : 00ee;
    12919 : 00ef;
    12920 : 00ef;
    12921 : 00f0;
    12922 : 00f1;
    12923 : 00f2;
    12924 : 00f2;
    12925 : 00f3;
    12926 : 00f4;
    12927 : 00f5;
    12928 : 00f5;
    12929 : 00f6;
    12930 : 00f7;
    12931 : 00f8;
    12932 : 00f9;
    12933 : 00f9;
    12934 : 00fa;
    12935 : 00fb;
    12936 : 00fc;
    12937 : 00fc;
    12938 : 00fd;
    12939 : 00fe;
    12940 : 00ff;
    12941 : 0100;
    12942 : 0100;
    12943 : 0101;
    12944 : 0102;
    12945 : 0103;
    12946 : 0103;
    12947 : 0104;
    12948 : 0105;
    12949 : 0106;
    12950 : 0107;
    12951 : 0107;
    12952 : 0108;
    12953 : 0109;
    12954 : 010a;
    12955 : 010b;
    12956 : 010b;
    12957 : 010c;
    12958 : 010d;
    12959 : 010e;
    12960 : 010f;
    12961 : 010f;
    12962 : 0110;
    12963 : 0111;
    12964 : 0112;
    12965 : 0113;
    12966 : 0113;
    12967 : 0114;
    12968 : 0115;
    12969 : 0116;
    12970 : 0117;
    12971 : 0117;
    12972 : 0118;
    12973 : 0119;
    12974 : 011a;
    12975 : 011b;
    12976 : 011b;
    12977 : 011c;
    12978 : 011d;
    12979 : 011e;
    12980 : 011f;
    12981 : 0120;
    12982 : 0120;
    12983 : 0121;
    12984 : 0122;
    12985 : 0123;
    12986 : 0124;
    12987 : 0125;
    12988 : 0125;
    12989 : 0126;
    12990 : 0127;
    12991 : 0128;
    12992 : 0129;
    12993 : 012a;
    12994 : 012a;
    12995 : 012b;
    12996 : 012c;
    12997 : 012d;
    12998 : 012e;
    12999 : 012f;
    13000 : 012f;
    13001 : 0130;
    13002 : 0131;
    13003 : 0132;
    13004 : 0133;
    13005 : 0134;
    13006 : 0135;
    13007 : 0135;
    13008 : 0136;
    13009 : 0137;
    13010 : 0138;
    13011 : 0139;
    13012 : 013a;
    13013 : 013b;
    13014 : 013b;
    13015 : 013c;
    13016 : 013d;
    13017 : 013e;
    13018 : 013f;
    13019 : 0140;
    13020 : 0141;
    13021 : 0142;
    13022 : 0142;
    13023 : 0143;
    13024 : 0144;
    13025 : 0145;
    13026 : 0146;
    13027 : 0147;
    13028 : 0148;
    13029 : 0149;
    13030 : 0149;
    13031 : 014a;
    13032 : 014b;
    13033 : 014c;
    13034 : 014d;
    13035 : 014e;
    13036 : 014f;
    13037 : 0150;
    13038 : 0150;
    13039 : 0151;
    13040 : 0152;
    13041 : 0153;
    13042 : 0154;
    13043 : 0155;
    13044 : 0156;
    13045 : 0157;
    13046 : 0158;
    13047 : 0159;
    13048 : 0159;
    13049 : 015a;
    13050 : 015b;
    13051 : 015c;
    13052 : 015d;
    13053 : 015e;
    13054 : 015f;
    13055 : 0160;
    13056 : 0161;
    13057 : 0162;
    13058 : 0163;
    13059 : 0163;
    13060 : 0164;
    13061 : 0165;
    13062 : 0166;
    13063 : 0167;
    13064 : 0168;
    13065 : 0169;
    13066 : 016a;
    13067 : 016b;
    13068 : 016c;
    13069 : 016d;
    13070 : 016e;
    13071 : 016f;
    13072 : 016f;
    13073 : 0170;
    13074 : 0171;
    13075 : 0172;
    13076 : 0173;
    13077 : 0174;
    13078 : 0175;
    13079 : 0176;
    13080 : 0177;
    13081 : 0178;
    13082 : 0179;
    13083 : 017a;
    13084 : 017b;
    13085 : 017c;
    13086 : 017d;
    13087 : 017e;
    13088 : 017e;
    13089 : 017f;
    13090 : 0180;
    13091 : 0181;
    13092 : 0182;
    13093 : 0183;
    13094 : 0184;
    13095 : 0185;
    13096 : 0186;
    13097 : 0187;
    13098 : 0188;
    13099 : 0189;
    13100 : 018a;
    13101 : 018b;
    13102 : 018c;
    13103 : 018d;
    13104 : 018e;
    13105 : 018f;
    13106 : 0190;
    13107 : 0191;
    13108 : 0192;
    13109 : 0193;
    13110 : 0194;
    13111 : 0195;
    13112 : 0196;
    13113 : 0197;
    13114 : 0198;
    13115 : 0199;
    13116 : 019a;
    13117 : 019a;
    13118 : 019b;
    13119 : 019c;
    13120 : 019d;
    13121 : 019e;
    13122 : 019f;
    13123 : 01a0;
    13124 : 01a1;
    13125 : 01a2;
    13126 : 01a3;
    13127 : 01a4;
    13128 : 01a5;
    13129 : 01a6;
    13130 : 01a7;
    13131 : 01a8;
    13132 : 01a9;
    13133 : 01aa;
    13134 : 01ab;
    13135 : 01ac;
    13136 : 01ad;
    13137 : 01ae;
    13138 : 01af;
    13139 : 01b0;
    13140 : 01b1;
    13141 : 01b2;
    13142 : 01b3;
    13143 : 01b4;
    13144 : 01b5;
    13145 : 01b6;
    13146 : 01b7;
    13147 : 01b8;
    13148 : 01b9;
    13149 : 01ba;
    13150 : 01bc;
    13151 : 01bd;
    13152 : 01be;
    13153 : 01bf;
    13154 : 01c0;
    13155 : 01c1;
    13156 : 01c2;
    13157 : 01c3;
    13158 : 01c4;
    13159 : 01c5;
    13160 : 01c6;
    13161 : 01c7;
    13162 : 01c8;
    13163 : 01c9;
    13164 : 01ca;
    13165 : 01cb;
    13166 : 01cc;
    13167 : 01cd;
    13168 : 01ce;
    13169 : 01cf;
    13170 : 01d0;
    13171 : 01d1;
    13172 : 01d2;
    13173 : 01d3;
    13174 : 01d4;
    13175 : 01d5;
    13176 : 01d6;
    13177 : 01d7;
    13178 : 01d9;
    13179 : 01da;
    13180 : 01db;
    13181 : 01dc;
    13182 : 01dd;
    13183 : 01de;
    13184 : 01df;
    13185 : 01e0;
    13186 : 01e1;
    13187 : 01e2;
    13188 : 01e3;
    13189 : 01e4;
    13190 : 01e5;
    13191 : 01e6;
    13192 : 01e7;
    13193 : 01e8;
    13194 : 01e9;
    13195 : 01eb;
    13196 : 01ec;
    13197 : 01ed;
    13198 : 01ee;
    13199 : 01ef;
    13200 : 01f0;
    13201 : 01f1;
    13202 : 01f2;
    13203 : 01f3;
    13204 : 01f4;
    13205 : 01f5;
    13206 : 01f6;
    13207 : 01f7;
    13208 : 01f9;
    13209 : 01fa;
    13210 : 01fb;
    13211 : 01fc;
    13212 : 01fd;
    13213 : 01fe;
    13214 : 01ff;
    13215 : 0200;
    13216 : 0201;
    13217 : 0202;
    13218 : 0203;
    13219 : 0205;
    13220 : 0206;
    13221 : 0207;
    13222 : 0208;
    13223 : 0209;
    13224 : 020a;
    13225 : 020b;
    13226 : 020c;
    13227 : 020d;
    13228 : 020f;
    13229 : 0210;
    13230 : 0211;
    13231 : 0212;
    13232 : 0213;
    13233 : 0214;
    13234 : 0215;
    13235 : 0216;
    13236 : 0217;
    13237 : 0219;
    13238 : 021a;
    13239 : 021b;
    13240 : 021c;
    13241 : 021d;
    13242 : 021e;
    13243 : 021f;
    13244 : 0220;
    13245 : 0222;
    13246 : 0223;
    13247 : 0224;
    13248 : 0225;
    13249 : 0226;
    13250 : 0227;
    13251 : 0228;
    13252 : 0229;
    13253 : 022b;
    13254 : 022c;
    13255 : 022d;
    13256 : 022e;
    13257 : 022f;
    13258 : 0230;
    13259 : 0231;
    13260 : 0233;
    13261 : 0234;
    13262 : 0235;
    13263 : 0236;
    13264 : 0237;
    13265 : 0238;
    13266 : 0239;
    13267 : 023b;
    13268 : 023c;
    13269 : 023d;
    13270 : 023e;
    13271 : 023f;
    13272 : 0240;
    13273 : 0242;
    13274 : 0243;
    13275 : 0244;
    13276 : 0245;
    13277 : 0246;
    13278 : 0247;
    13279 : 0248;
    13280 : 024a;
    13281 : 024b;
    13282 : 024c;
    13283 : 024d;
    13284 : 024e;
    13285 : 024f;
    13286 : 0251;
    13287 : 0252;
    13288 : 0253;
    13289 : 0254;
    13290 : 0255;
    13291 : 0257;
    13292 : 0258;
    13293 : 0259;
    13294 : 025a;
    13295 : 025b;
    13296 : 025c;
    13297 : 025e;
    13298 : 025f;
    13299 : 0260;
    13300 : 0261;
    13301 : 0262;
    13302 : 0264;
    13303 : 0265;
    13304 : 0266;
    13305 : 0267;
    13306 : 0268;
    13307 : 026a;
    13308 : 026b;
    13309 : 026c;
    13310 : 026d;
    13311 : 026e;
    13312 : 0270;
    13313 : 0271;
    13314 : 0272;
    13315 : 0273;
    13316 : 0274;
    13317 : 0276;
    13318 : 0277;
    13319 : 0278;
    13320 : 0279;
    13321 : 027a;
    13322 : 027c;
    13323 : 027d;
    13324 : 027e;
    13325 : 027f;
    13326 : 0280;
    13327 : 0282;
    13328 : 0283;
    13329 : 0284;
    13330 : 0285;
    13331 : 0287;
    13332 : 0288;
    13333 : 0289;
    13334 : 028a;
    13335 : 028b;
    13336 : 028d;
    13337 : 028e;
    13338 : 028f;
    13339 : 0290;
    13340 : 0292;
    13341 : 0293;
    13342 : 0294;
    13343 : 0295;
    13344 : 0297;
    13345 : 0298;
    13346 : 0299;
    13347 : 029a;
    13348 : 029c;
    13349 : 029d;
    13350 : 029e;
    13351 : 029f;
    13352 : 02a1;
    13353 : 02a2;
    13354 : 02a3;
    13355 : 02a4;
    13356 : 02a6;
    13357 : 02a7;
    13358 : 02a8;
    13359 : 02a9;
    13360 : 02ab;
    13361 : 02ac;
    13362 : 02ad;
    13363 : 02ae;
    13364 : 02b0;
    13365 : 02b1;
    13366 : 02b2;
    13367 : 02b3;
    13368 : 02b5;
    13369 : 02b6;
    13370 : 02b7;
    13371 : 02b8;
    13372 : 02ba;
    13373 : 02bb;
    13374 : 02bc;
    13375 : 02bd;
    13376 : 02bf;
    13377 : 02c0;
    13378 : 02c1;
    13379 : 02c3;
    13380 : 02c4;
    13381 : 02c5;
    13382 : 02c6;
    13383 : 02c8;
    13384 : 02c9;
    13385 : 02ca;
    13386 : 02cc;
    13387 : 02cd;
    13388 : 02ce;
    13389 : 02cf;
    13390 : 02d1;
    13391 : 02d2;
    13392 : 02d3;
    13393 : 02d5;
    13394 : 02d6;
    13395 : 02d7;
    13396 : 02d8;
    13397 : 02da;
    13398 : 02db;
    13399 : 02dc;
    13400 : 02de;
    13401 : 02df;
    13402 : 02e0;
    13403 : 02e2;
    13404 : 02e3;
    13405 : 02e4;
    13406 : 02e5;
    13407 : 02e7;
    13408 : 02e8;
    13409 : 02e9;
    13410 : 02eb;
    13411 : 02ec;
    13412 : 02ed;
    13413 : 02ef;
    13414 : 02f0;
    13415 : 02f1;
    13416 : 02f3;
    13417 : 02f4;
    13418 : 02f5;
    13419 : 02f7;
    13420 : 02f8;
    13421 : 02f9;
    13422 : 02fa;
    13423 : 02fc;
    13424 : 02fd;
    13425 : 02fe;
    13426 : 0300;
    13427 : 0301;
    13428 : 0302;
    13429 : 0304;
    13430 : 0305;
    13431 : 0306;
    13432 : 0308;
    13433 : 0309;
    13434 : 030a;
    13435 : 030c;
    13436 : 030d;
    13437 : 030e;
    13438 : 0310;
    13439 : 0311;
    13440 : 0312;
    13441 : 0314;
    13442 : 0315;
    13443 : 0317;
    13444 : 0318;
    13445 : 0319;
    13446 : 031b;
    13447 : 031c;
    13448 : 031d;
    13449 : 031f;
    13450 : 0320;
    13451 : 0321;
    13452 : 0323;
    13453 : 0324;
    13454 : 0325;
    13455 : 0327;
    13456 : 0328;
    13457 : 0329;
    13458 : 032b;
    13459 : 032c;
    13460 : 032e;
    13461 : 032f;
    13462 : 0330;
    13463 : 0332;
    13464 : 0333;
    13465 : 0334;
    13466 : 0336;
    13467 : 0337;
    13468 : 0339;
    13469 : 033a;
    13470 : 033b;
    13471 : 033d;
    13472 : 033e;
    13473 : 033f;
    13474 : 0341;
    13475 : 0342;
    13476 : 0344;
    13477 : 0345;
    13478 : 0346;
    13479 : 0348;
    13480 : 0349;
    13481 : 034a;
    13482 : 034c;
    13483 : 034d;
    13484 : 034f;
    13485 : 0350;
    13486 : 0351;
    13487 : 0353;
    13488 : 0354;
    13489 : 0356;
    13490 : 0357;
    13491 : 0358;
    13492 : 035a;
    13493 : 035b;
    13494 : 035d;
    13495 : 035e;
    13496 : 035f;
    13497 : 0361;
    13498 : 0362;
    13499 : 0364;
    13500 : 0365;
    13501 : 0366;
    13502 : 0368;
    13503 : 0369;
    13504 : 036b;
    13505 : 036c;
    13506 : 036d;
    13507 : 036f;
    13508 : 0370;
    13509 : 0372;
    13510 : 0373;
    13511 : 0375;
    13512 : 0376;
    13513 : 0377;
    13514 : 0379;
    13515 : 037a;
    13516 : 037c;
    13517 : 037d;
    13518 : 037f;
    13519 : 0380;
    13520 : 0381;
    13521 : 0383;
    13522 : 0384;
    13523 : 0386;
    13524 : 0387;
    13525 : 0389;
    13526 : 038a;
    13527 : 038b;
    13528 : 038d;
    13529 : 038e;
    13530 : 0390;
    13531 : 0391;
    13532 : 0393;
    13533 : 0394;
    13534 : 0396;
    13535 : 0397;
    13536 : 0398;
    13537 : 039a;
    13538 : 039b;
    13539 : 039d;
    13540 : 039e;
    13541 : 03a0;
    13542 : 03a1;
    13543 : 03a3;
    13544 : 03a4;
    13545 : 03a5;
    13546 : 03a7;
    13547 : 03a8;
    13548 : 03aa;
    13549 : 03ab;
    13550 : 03ad;
    13551 : 03ae;
    13552 : 03b0;
    13553 : 03b1;
    13554 : 03b3;
    13555 : 03b4;
    13556 : 03b6;
    13557 : 03b7;
    13558 : 03b8;
    13559 : 03ba;
    13560 : 03bb;
    13561 : 03bd;
    13562 : 03be;
    13563 : 03c0;
    13564 : 03c1;
    13565 : 03c3;
    13566 : 03c4;
    13567 : 03c6;
    13568 : 03c7;
    13569 : 03c9;
    13570 : 03ca;
    13571 : 03cc;
    13572 : 03cd;
    13573 : 03cf;
    13574 : 03d0;
    13575 : 03d2;
    13576 : 03d3;
    13577 : 03d5;
    13578 : 03d6;
    13579 : 03d8;
    13580 : 03d9;
    13581 : 03db;
    13582 : 03dc;
    13583 : 03de;
    13584 : 03df;
    13585 : 03e1;
    13586 : 03e2;
    13587 : 03e4;
    13588 : 03e5;
    13589 : 03e7;
    13590 : 03e8;
    13591 : 03ea;
    13592 : 03eb;
    13593 : 03ed;
    13594 : 03ee;
    13595 : 03f0;
    13596 : 03f1;
    13597 : 03f3;
    13598 : 03f4;
    13599 : 03f6;
    13600 : 03f7;
    13601 : 03f9;
    13602 : 03fa;
    13603 : 03fc;
    13604 : 03fd;
    13605 : 03ff;
    13606 : 0400;
    13607 : 0402;
    13608 : 0403;
    13609 : 0405;
    13610 : 0406;
    13611 : 0408;
    13612 : 0409;
    13613 : 040b;
    13614 : 040c;
    13615 : 040e;
    13616 : 0410;
    13617 : 0411;
    13618 : 0413;
    13619 : 0414;
    13620 : 0416;
    13621 : 0417;
    13622 : 0419;
    13623 : 041a;
    13624 : 041c;
    13625 : 041d;
    13626 : 041f;
    13627 : 0420;
    13628 : 0422;
    13629 : 0424;
    13630 : 0425;
    13631 : 0427;
    13632 : 0428;
    13633 : 042a;
    13634 : 042b;
    13635 : 042d;
    13636 : 042e;
    13637 : 0430;
    13638 : 0431;
    13639 : 0433;
    13640 : 0435;
    13641 : 0436;
    13642 : 0438;
    13643 : 0439;
    13644 : 043b;
    13645 : 043c;
    13646 : 043e;
    13647 : 0440;
    13648 : 0441;
    13649 : 0443;
    13650 : 0444;
    13651 : 0446;
    13652 : 0447;
    13653 : 0449;
    13654 : 044b;
    13655 : 044c;
    13656 : 044e;
    13657 : 044f;
    13658 : 0451;
    13659 : 0452;
    13660 : 0454;
    13661 : 0456;
    13662 : 0457;
    13663 : 0459;
    13664 : 045a;
    13665 : 045c;
    13666 : 045d;
    13667 : 045f;
    13668 : 0461;
    13669 : 0462;
    13670 : 0464;
    13671 : 0465;
    13672 : 0467;
    13673 : 0469;
    13674 : 046a;
    13675 : 046c;
    13676 : 046d;
    13677 : 046f;
    13678 : 0471;
    13679 : 0472;
    13680 : 0474;
    13681 : 0475;
    13682 : 0477;
    13683 : 0479;
    13684 : 047a;
    13685 : 047c;
    13686 : 047d;
    13687 : 047f;
    13688 : 0481;
    13689 : 0482;
    13690 : 0484;
    13691 : 0485;
    13692 : 0487;
    13693 : 0489;
    13694 : 048a;
    13695 : 048c;
    13696 : 048d;
    13697 : 048f;
    13698 : 0491;
    13699 : 0492;
    13700 : 0494;
    13701 : 0496;
    13702 : 0497;
    13703 : 0499;
    13704 : 049a;
    13705 : 049c;
    13706 : 049e;
    13707 : 049f;
    13708 : 04a1;
    13709 : 04a2;
    13710 : 04a4;
    13711 : 04a6;
    13712 : 04a7;
    13713 : 04a9;
    13714 : 04ab;
    13715 : 04ac;
    13716 : 04ae;
    13717 : 04b0;
    13718 : 04b1;
    13719 : 04b3;
    13720 : 04b4;
    13721 : 04b6;
    13722 : 04b8;
    13723 : 04b9;
    13724 : 04bb;
    13725 : 04bd;
    13726 : 04be;
    13727 : 04c0;
    13728 : 04c2;
    13729 : 04c3;
    13730 : 04c5;
    13731 : 04c7;
    13732 : 04c8;
    13733 : 04ca;
    13734 : 04cc;
    13735 : 04cd;
    13736 : 04cf;
    13737 : 04d0;
    13738 : 04d2;
    13739 : 04d4;
    13740 : 04d5;
    13741 : 04d7;
    13742 : 04d9;
    13743 : 04da;
    13744 : 04dc;
    13745 : 04de;
    13746 : 04df;
    13747 : 04e1;
    13748 : 04e3;
    13749 : 04e4;
    13750 : 04e6;
    13751 : 04e8;
    13752 : 04e9;
    13753 : 04eb;
    13754 : 04ed;
    13755 : 04ee;
    13756 : 04f0;
    13757 : 04f2;
    13758 : 04f4;
    13759 : 04f5;
    13760 : 04f7;
    13761 : 04f9;
    13762 : 04fa;
    13763 : 04fc;
    13764 : 04fe;
    13765 : 04ff;
    13766 : 0501;
    13767 : 0503;
    13768 : 0504;
    13769 : 0506;
    13770 : 0508;
    13771 : 0509;
    13772 : 050b;
    13773 : 050d;
    13774 : 050f;
    13775 : 0510;
    13776 : 0512;
    13777 : 0514;
    13778 : 0515;
    13779 : 0517;
    13780 : 0519;
    13781 : 051a;
    13782 : 051c;
    13783 : 051e;
    13784 : 0520;
    13785 : 0521;
    13786 : 0523;
    13787 : 0525;
    13788 : 0526;
    13789 : 0528;
    13790 : 052a;
    13791 : 052b;
    13792 : 052d;
    13793 : 052f;
    13794 : 0531;
    13795 : 0532;
    13796 : 0534;
    13797 : 0536;
    13798 : 0537;
    13799 : 0539;
    13800 : 053b;
    13801 : 053d;
    13802 : 053e;
    13803 : 0540;
    13804 : 0542;
    13805 : 0544;
    13806 : 0545;
    13807 : 0547;
    13808 : 0549;
    13809 : 054a;
    13810 : 054c;
    13811 : 054e;
    13812 : 0550;
    13813 : 0551;
    13814 : 0553;
    13815 : 0555;
    13816 : 0557;
    13817 : 0558;
    13818 : 055a;
    13819 : 055c;
    13820 : 055e;
    13821 : 055f;
    13822 : 0561;
    13823 : 0563;
    13824 : 0565;
    13825 : 0566;
    13826 : 0568;
    13827 : 056a;
    13828 : 056c;
    13829 : 056d;
    13830 : 056f;
    13831 : 0571;
    13832 : 0573;
    13833 : 0574;
    13834 : 0576;
    13835 : 0578;
    13836 : 057a;
    13837 : 057b;
    13838 : 057d;
    13839 : 057f;
    13840 : 0581;
    13841 : 0582;
    13842 : 0584;
    13843 : 0586;
    13844 : 0588;
    13845 : 0589;
    13846 : 058b;
    13847 : 058d;
    13848 : 058f;
    13849 : 0590;
    13850 : 0592;
    13851 : 0594;
    13852 : 0596;
    13853 : 0598;
    13854 : 0599;
    13855 : 059b;
    13856 : 059d;
    13857 : 059f;
    13858 : 05a0;
    13859 : 05a2;
    13860 : 05a4;
    13861 : 05a6;
    13862 : 05a8;
    13863 : 05a9;
    13864 : 05ab;
    13865 : 05ad;
    13866 : 05af;
    13867 : 05b0;
    13868 : 05b2;
    13869 : 05b4;
    13870 : 05b6;
    13871 : 05b8;
    13872 : 05b9;
    13873 : 05bb;
    13874 : 05bd;
    13875 : 05bf;
    13876 : 05c1;
    13877 : 05c2;
    13878 : 05c4;
    13879 : 05c6;
    13880 : 05c8;
    13881 : 05ca;
    13882 : 05cb;
    13883 : 05cd;
    13884 : 05cf;
    13885 : 05d1;
    13886 : 05d3;
    13887 : 05d4;
    13888 : 05d6;
    13889 : 05d8;
    13890 : 05da;
    13891 : 05dc;
    13892 : 05dd;
    13893 : 05df;
    13894 : 05e1;
    13895 : 05e3;
    13896 : 05e5;
    13897 : 05e7;
    13898 : 05e8;
    13899 : 05ea;
    13900 : 05ec;
    13901 : 05ee;
    13902 : 05f0;
    13903 : 05f1;
    13904 : 05f3;
    13905 : 05f5;
    13906 : 05f7;
    13907 : 05f9;
    13908 : 05fb;
    13909 : 05fc;
    13910 : 05fe;
    13911 : 0600;
    13912 : 0602;
    13913 : 0604;
    13914 : 0606;
    13915 : 0607;
    13916 : 0609;
    13917 : 060b;
    13918 : 060d;
    13919 : 060f;
    13920 : 0611;
    13921 : 0612;
    13922 : 0614;
    13923 : 0616;
    13924 : 0618;
    13925 : 061a;
    13926 : 061c;
    13927 : 061e;
    13928 : 061f;
    13929 : 0621;
    13930 : 0623;
    13931 : 0625;
    13932 : 0627;
    13933 : 0629;
    13934 : 062a;
    13935 : 062c;
    13936 : 062e;
    13937 : 0630;
    13938 : 0632;
    13939 : 0634;
    13940 : 0636;
    13941 : 0637;
    13942 : 0639;
    13943 : 063b;
    13944 : 063d;
    13945 : 063f;
    13946 : 0641;
    13947 : 0643;
    13948 : 0645;
    13949 : 0646;
    13950 : 0648;
    13951 : 064a;
    13952 : 064c;
    13953 : 064e;
    13954 : 0650;
    13955 : 0652;
    13956 : 0654;
    13957 : 0655;
    13958 : 0657;
    13959 : 0659;
    13960 : 065b;
    13961 : 065d;
    13962 : 065f;
    13963 : 0661;
    13964 : 0663;
    13965 : 0664;
    13966 : 0666;
    13967 : 0668;
    13968 : 066a;
    13969 : 066c;
    13970 : 066e;
    13971 : 0670;
    13972 : 0672;
    13973 : 0674;
    13974 : 0675;
    13975 : 0677;
    13976 : 0679;
    13977 : 067b;
    13978 : 067d;
    13979 : 067f;
    13980 : 0681;
    13981 : 0683;
    13982 : 0685;
    13983 : 0687;
    13984 : 0688;
    13985 : 068a;
    13986 : 068c;
    13987 : 068e;
    13988 : 0690;
    13989 : 0692;
    13990 : 0694;
    13991 : 0696;
    13992 : 0698;
    13993 : 069a;
    13994 : 069b;
    13995 : 069d;
    13996 : 069f;
    13997 : 06a1;
    13998 : 06a3;
    13999 : 06a5;
    14000 : 06a7;
    14001 : 06a9;
    14002 : 06ab;
    14003 : 06ad;
    14004 : 06af;
    14005 : 06b1;
    14006 : 06b2;
    14007 : 06b4;
    14008 : 06b6;
    14009 : 06b8;
    14010 : 06ba;
    14011 : 06bc;
    14012 : 06be;
    14013 : 06c0;
    14014 : 06c2;
    14015 : 06c4;
    14016 : 06c6;
    14017 : 06c8;
    14018 : 06ca;
    14019 : 06cc;
    14020 : 06cd;
    14021 : 06cf;
    14022 : 06d1;
    14023 : 06d3;
    14024 : 06d5;
    14025 : 06d7;
    14026 : 06d9;
    14027 : 06db;
    14028 : 06dd;
    14029 : 06df;
    14030 : 06e1;
    14031 : 06e3;
    14032 : 06e5;
    14033 : 06e7;
    14034 : 06e9;
    14035 : 06eb;
    14036 : 06ed;
    14037 : 06ef;
    14038 : 06f1;
    14039 : 06f2;
    14040 : 06f4;
    14041 : 06f6;
    14042 : 06f8;
    14043 : 06fa;
    14044 : 06fc;
    14045 : 06fe;
    14046 : 0700;
    14047 : 0702;
    14048 : 0704;
    14049 : 0706;
    14050 : 0708;
    14051 : 070a;
    14052 : 070c;
    14053 : 070e;
    14054 : 0710;
    14055 : 0712;
    14056 : 0714;
    14057 : 0716;
    14058 : 0718;
    14059 : 071a;
    14060 : 071c;
    14061 : 071e;
    14062 : 0720;
    14063 : 0722;
    14064 : 0724;
    14065 : 0726;
    14066 : 0728;
    14067 : 072a;
    14068 : 072c;
    14069 : 072e;
    14070 : 0730;
    14071 : 0731;
    14072 : 0733;
    14073 : 0735;
    14074 : 0737;
    14075 : 0739;
    14076 : 073b;
    14077 : 073d;
    14078 : 073f;
    14079 : 0741;
    14080 : 0743;
    14081 : 0745;
    14082 : 0747;
    14083 : 0749;
    14084 : 074b;
    14085 : 074d;
    14086 : 074f;
    14087 : 0751;
    14088 : 0753;
    14089 : 0755;
    14090 : 0757;
    14091 : 0759;
    14092 : 075b;
    14093 : 075d;
    14094 : 075f;
    14095 : 0761;
    14096 : 0763;
    14097 : 0765;
    14098 : 0767;
    14099 : 0769;
    14100 : 076b;
    14101 : 076d;
    14102 : 076f;
    14103 : 0771;
    14104 : 0773;
    14105 : 0775;
    14106 : 0778;
    14107 : 077a;
    14108 : 077c;
    14109 : 077e;
    14110 : 0780;
    14111 : 0782;
    14112 : 0784;
    14113 : 0786;
    14114 : 0788;
    14115 : 078a;
    14116 : 078c;
    14117 : 078e;
    14118 : 0790;
    14119 : 0792;
    14120 : 0794;
    14121 : 0796;
    14122 : 0798;
    14123 : 079a;
    14124 : 079c;
    14125 : 079e;
    14126 : 07a0;
    14127 : 07a2;
    14128 : 07a4;
    14129 : 07a6;
    14130 : 07a8;
    14131 : 07aa;
    14132 : 07ac;
    14133 : 07ae;
    14134 : 07b0;
    14135 : 07b2;
    14136 : 07b4;
    14137 : 07b6;
    14138 : 07b9;
    14139 : 07bb;
    14140 : 07bd;
    14141 : 07bf;
    14142 : 07c1;
    14143 : 07c3;
    14144 : 07c5;
    14145 : 07c7;
    14146 : 07c9;
    14147 : 07cb;
    14148 : 07cd;
    14149 : 07cf;
    14150 : 07d1;
    14151 : 07d3;
    14152 : 07d5;
    14153 : 07d7;
    14154 : 07d9;
    14155 : 07db;
    14156 : 07de;
    14157 : 07e0;
    14158 : 07e2;
    14159 : 07e4;
    14160 : 07e6;
    14161 : 07e8;
    14162 : 07ea;
    14163 : 07ec;
    14164 : 07ee;
    14165 : 07f0;
    14166 : 07f2;
    14167 : 07f4;
    14168 : 07f6;
    14169 : 07f8;
    14170 : 07fa;
    14171 : 07fd;
    14172 : 07ff;
    14173 : 0801;
    14174 : 0803;
    14175 : 0805;
    14176 : 0807;
    14177 : 0809;
    14178 : 080b;
    14179 : 080d;
    14180 : 080f;
    14181 : 0811;
    14182 : 0813;
    14183 : 0816;
    14184 : 0818;
    14185 : 081a;
    14186 : 081c;
    14187 : 081e;
    14188 : 0820;
    14189 : 0822;
    14190 : 0824;
    14191 : 0826;
    14192 : 0828;
    14193 : 082a;
    14194 : 082d;
    14195 : 082f;
    14196 : 0831;
    14197 : 0833;
    14198 : 0835;
    14199 : 0837;
    14200 : 0839;
    14201 : 083b;
    14202 : 083d;
    14203 : 083f;
    14204 : 0842;
    14205 : 0844;
    14206 : 0846;
    14207 : 0848;
    14208 : 084a;
    14209 : 084c;
    14210 : 084e;
    14211 : 0850;
    14212 : 0852;
    14213 : 0855;
    14214 : 0857;
    14215 : 0859;
    14216 : 085b;
    14217 : 085d;
    14218 : 085f;
    14219 : 0861;
    14220 : 0863;
    14221 : 0865;
    14222 : 0868;
    14223 : 086a;
    14224 : 086c;
    14225 : 086e;
    14226 : 0870;
    14227 : 0872;
    14228 : 0874;
    14229 : 0876;
    14230 : 0879;
    14231 : 087b;
    14232 : 087d;
    14233 : 087f;
    14234 : 0881;
    14235 : 0883;
    14236 : 0885;
    14237 : 0888;
    14238 : 088a;
    14239 : 088c;
    14240 : 088e;
    14241 : 0890;
    14242 : 0892;
    14243 : 0894;
    14244 : 0897;
    14245 : 0899;
    14246 : 089b;
    14247 : 089d;
    14248 : 089f;
    14249 : 08a1;
    14250 : 08a3;
    14251 : 08a6;
    14252 : 08a8;
    14253 : 08aa;
    14254 : 08ac;
    14255 : 08ae;
    14256 : 08b0;
    14257 : 08b2;
    14258 : 08b5;
    14259 : 08b7;
    14260 : 08b9;
    14261 : 08bb;
    14262 : 08bd;
    14263 : 08bf;
    14264 : 08c2;
    14265 : 08c4;
    14266 : 08c6;
    14267 : 08c8;
    14268 : 08ca;
    14269 : 08cc;
    14270 : 08ce;
    14271 : 08d1;
    14272 : 08d3;
    14273 : 08d5;
    14274 : 08d7;
    14275 : 08d9;
    14276 : 08dc;
    14277 : 08de;
    14278 : 08e0;
    14279 : 08e2;
    14280 : 08e4;
    14281 : 08e6;
    14282 : 08e9;
    14283 : 08eb;
    14284 : 08ed;
    14285 : 08ef;
    14286 : 08f1;
    14287 : 08f3;
    14288 : 08f6;
    14289 : 08f8;
    14290 : 08fa;
    14291 : 08fc;
    14292 : 08fe;
    14293 : 0901;
    14294 : 0903;
    14295 : 0905;
    14296 : 0907;
    14297 : 0909;
    14298 : 090b;
    14299 : 090e;
    14300 : 0910;
    14301 : 0912;
    14302 : 0914;
    14303 : 0916;
    14304 : 0919;
    14305 : 091b;
    14306 : 091d;
    14307 : 091f;
    14308 : 0921;
    14309 : 0924;
    14310 : 0926;
    14311 : 0928;
    14312 : 092a;
    14313 : 092c;
    14314 : 092f;
    14315 : 0931;
    14316 : 0933;
    14317 : 0935;
    14318 : 0937;
    14319 : 093a;
    14320 : 093c;
    14321 : 093e;
    14322 : 0940;
    14323 : 0942;
    14324 : 0945;
    14325 : 0947;
    14326 : 0949;
    14327 : 094b;
    14328 : 094d;
    14329 : 0950;
    14330 : 0952;
    14331 : 0954;
    14332 : 0956;
    14333 : 0959;
    14334 : 095b;
    14335 : 095d;
    14336 : 095f;
    14337 : 0961;
    14338 : 0964;
    14339 : 0966;
    14340 : 0968;
    14341 : 096a;
    14342 : 096d;
    14343 : 096f;
    14344 : 0971;
    14345 : 0973;
    14346 : 0975;
    14347 : 0978;
    14348 : 097a;
    14349 : 097c;
    14350 : 097e;
    14351 : 0981;
    14352 : 0983;
    14353 : 0985;
    14354 : 0987;
    14355 : 098a;
    14356 : 098c;
    14357 : 098e;
    14358 : 0990;
    14359 : 0993;
    14360 : 0995;
    14361 : 0997;
    14362 : 0999;
    14363 : 099c;
    14364 : 099e;
    14365 : 09a0;
    14366 : 09a2;
    14367 : 09a5;
    14368 : 09a7;
    14369 : 09a9;
    14370 : 09ab;
    14371 : 09ad;
    14372 : 09b0;
    14373 : 09b2;
    14374 : 09b4;
    14375 : 09b7;
    14376 : 09b9;
    14377 : 09bb;
    14378 : 09bd;
    14379 : 09c0;
    14380 : 09c2;
    14381 : 09c4;
    14382 : 09c6;
    14383 : 09c9;
    14384 : 09cb;
    14385 : 09cd;
    14386 : 09cf;
    14387 : 09d2;
    14388 : 09d4;
    14389 : 09d6;
    14390 : 09d8;
    14391 : 09db;
    14392 : 09dd;
    14393 : 09df;
    14394 : 09e1;
    14395 : 09e4;
    14396 : 09e6;
    14397 : 09e8;
    14398 : 09eb;
    14399 : 09ed;
    14400 : 09ef;
    14401 : 09f1;
    14402 : 09f4;
    14403 : 09f6;
    14404 : 09f8;
    14405 : 09fb;
    14406 : 09fd;
    14407 : 09ff;
    14408 : 0a01;
    14409 : 0a04;
    14410 : 0a06;
    14411 : 0a08;
    14412 : 0a0a;
    14413 : 0a0d;
    14414 : 0a0f;
    14415 : 0a11;
    14416 : 0a14;
    14417 : 0a16;
    14418 : 0a18;
    14419 : 0a1b;
    14420 : 0a1d;
    14421 : 0a1f;
    14422 : 0a21;
    14423 : 0a24;
    14424 : 0a26;
    14425 : 0a28;
    14426 : 0a2b;
    14427 : 0a2d;
    14428 : 0a2f;
    14429 : 0a31;
    14430 : 0a34;
    14431 : 0a36;
    14432 : 0a38;
    14433 : 0a3b;
    14434 : 0a3d;
    14435 : 0a3f;
    14436 : 0a42;
    14437 : 0a44;
    14438 : 0a46;
    14439 : 0a48;
    14440 : 0a4b;
    14441 : 0a4d;
    14442 : 0a4f;
    14443 : 0a52;
    14444 : 0a54;
    14445 : 0a56;
    14446 : 0a59;
    14447 : 0a5b;
    14448 : 0a5d;
    14449 : 0a60;
    14450 : 0a62;
    14451 : 0a64;
    14452 : 0a67;
    14453 : 0a69;
    14454 : 0a6b;
    14455 : 0a6e;
    14456 : 0a70;
    14457 : 0a72;
    14458 : 0a74;
    14459 : 0a77;
    14460 : 0a79;
    14461 : 0a7b;
    14462 : 0a7e;
    14463 : 0a80;
    14464 : 0a82;
    14465 : 0a85;
    14466 : 0a87;
    14467 : 0a89;
    14468 : 0a8c;
    14469 : 0a8e;
    14470 : 0a90;
    14471 : 0a93;
    14472 : 0a95;
    14473 : 0a97;
    14474 : 0a9a;
    14475 : 0a9c;
    14476 : 0a9e;
    14477 : 0aa1;
    14478 : 0aa3;
    14479 : 0aa5;
    14480 : 0aa8;
    14481 : 0aaa;
    14482 : 0aac;
    14483 : 0aaf;
    14484 : 0ab1;
    14485 : 0ab3;
    14486 : 0ab6;
    14487 : 0ab8;
    14488 : 0abb;
    14489 : 0abd;
    14490 : 0abf;
    14491 : 0ac2;
    14492 : 0ac4;
    14493 : 0ac6;
    14494 : 0ac9;
    14495 : 0acb;
    14496 : 0acd;
    14497 : 0ad0;
    14498 : 0ad2;
    14499 : 0ad4;
    14500 : 0ad7;
    14501 : 0ad9;
    14502 : 0adb;
    14503 : 0ade;
    14504 : 0ae0;
    14505 : 0ae3;
    14506 : 0ae5;
    14507 : 0ae7;
    14508 : 0aea;
    14509 : 0aec;
    14510 : 0aee;
    14511 : 0af1;
    14512 : 0af3;
    14513 : 0af5;
    14514 : 0af8;
    14515 : 0afa;
    14516 : 0afd;
    14517 : 0aff;
    14518 : 0b01;
    14519 : 0b04;
    14520 : 0b06;
    14521 : 0b08;
    14522 : 0b0b;
    14523 : 0b0d;
    14524 : 0b10;
    14525 : 0b12;
    14526 : 0b14;
    14527 : 0b17;
    14528 : 0b19;
    14529 : 0b1b;
    14530 : 0b1e;
    14531 : 0b20;
    14532 : 0b23;
    14533 : 0b25;
    14534 : 0b27;
    14535 : 0b2a;
    14536 : 0b2c;
    14537 : 0b2e;
    14538 : 0b31;
    14539 : 0b33;
    14540 : 0b36;
    14541 : 0b38;
    14542 : 0b3a;
    14543 : 0b3d;
    14544 : 0b3f;
    14545 : 0b42;
    14546 : 0b44;
    14547 : 0b46;
    14548 : 0b49;
    14549 : 0b4b;
    14550 : 0b4e;
    14551 : 0b50;
    14552 : 0b52;
    14553 : 0b55;
    14554 : 0b57;
    14555 : 0b5a;
    14556 : 0b5c;
    14557 : 0b5e;
    14558 : 0b61;
    14559 : 0b63;
    14560 : 0b66;
    14561 : 0b68;
    14562 : 0b6a;
    14563 : 0b6d;
    14564 : 0b6f;
    14565 : 0b72;
    14566 : 0b74;
    14567 : 0b76;
    14568 : 0b79;
    14569 : 0b7b;
    14570 : 0b7e;
    14571 : 0b80;
    14572 : 0b82;
    14573 : 0b85;
    14574 : 0b87;
    14575 : 0b8a;
    14576 : 0b8c;
    14577 : 0b8f;
    14578 : 0b91;
    14579 : 0b93;
    14580 : 0b96;
    14581 : 0b98;
    14582 : 0b9b;
    14583 : 0b9d;
    14584 : 0b9f;
    14585 : 0ba2;
    14586 : 0ba4;
    14587 : 0ba7;
    14588 : 0ba9;
    14589 : 0bac;
    14590 : 0bae;
    14591 : 0bb0;
    14592 : 0bb3;
    14593 : 0bb5;
    14594 : 0bb8;
    14595 : 0bba;
    14596 : 0bbd;
    14597 : 0bbf;
    14598 : 0bc1;
    14599 : 0bc4;
    14600 : 0bc6;
    14601 : 0bc9;
    14602 : 0bcb;
    14603 : 0bce;
    14604 : 0bd0;
    14605 : 0bd3;
    14606 : 0bd5;
    14607 : 0bd7;
    14608 : 0bda;
    14609 : 0bdc;
    14610 : 0bdf;
    14611 : 0be1;
    14612 : 0be4;
    14613 : 0be6;
    14614 : 0be8;
    14615 : 0beb;
    14616 : 0bed;
    14617 : 0bf0;
    14618 : 0bf2;
    14619 : 0bf5;
    14620 : 0bf7;
    14621 : 0bfa;
    14622 : 0bfc;
    14623 : 0bff;
    14624 : 0c01;
    14625 : 0c03;
    14626 : 0c06;
    14627 : 0c08;
    14628 : 0c0b;
    14629 : 0c0d;
    14630 : 0c10;
    14631 : 0c12;
    14632 : 0c15;
    14633 : 0c17;
    14634 : 0c1a;
    14635 : 0c1c;
    14636 : 0c1e;
    14637 : 0c21;
    14638 : 0c23;
    14639 : 0c26;
    14640 : 0c28;
    14641 : 0c2b;
    14642 : 0c2d;
    14643 : 0c30;
    14644 : 0c32;
    14645 : 0c35;
    14646 : 0c37;
    14647 : 0c3a;
    14648 : 0c3c;
    14649 : 0c3f;
    14650 : 0c41;
    14651 : 0c43;
    14652 : 0c46;
    14653 : 0c48;
    14654 : 0c4b;
    14655 : 0c4d;
    14656 : 0c50;
    14657 : 0c52;
    14658 : 0c55;
    14659 : 0c57;
    14660 : 0c5a;
    14661 : 0c5c;
    14662 : 0c5f;
    14663 : 0c61;
    14664 : 0c64;
    14665 : 0c66;
    14666 : 0c69;
    14667 : 0c6b;
    14668 : 0c6e;
    14669 : 0c70;
    14670 : 0c73;
    14671 : 0c75;
    14672 : 0c78;
    14673 : 0c7a;
    14674 : 0c7d;
    14675 : 0c7f;
    14676 : 0c82;
    14677 : 0c84;
    14678 : 0c86;
    14679 : 0c89;
    14680 : 0c8b;
    14681 : 0c8e;
    14682 : 0c90;
    14683 : 0c93;
    14684 : 0c95;
    14685 : 0c98;
    14686 : 0c9a;
    14687 : 0c9d;
    14688 : 0c9f;
    14689 : 0ca2;
    14690 : 0ca4;
    14691 : 0ca7;
    14692 : 0ca9;
    14693 : 0cac;
    14694 : 0cae;
    14695 : 0cb1;
    14696 : 0cb3;
    14697 : 0cb6;
    14698 : 0cb8;
    14699 : 0cbb;
    14700 : 0cbe;
    14701 : 0cc0;
    14702 : 0cc3;
    14703 : 0cc5;
    14704 : 0cc8;
    14705 : 0cca;
    14706 : 0ccd;
    14707 : 0ccf;
    14708 : 0cd2;
    14709 : 0cd4;
    14710 : 0cd7;
    14711 : 0cd9;
    14712 : 0cdc;
    14713 : 0cde;
    14714 : 0ce1;
    14715 : 0ce3;
    14716 : 0ce6;
    14717 : 0ce8;
    14718 : 0ceb;
    14719 : 0ced;
    14720 : 0cf0;
    14721 : 0cf2;
    14722 : 0cf5;
    14723 : 0cf7;
    14724 : 0cfa;
    14725 : 0cfc;
    14726 : 0cff;
    14727 : 0d02;
    14728 : 0d04;
    14729 : 0d07;
    14730 : 0d09;
    14731 : 0d0c;
    14732 : 0d0e;
    14733 : 0d11;
    14734 : 0d13;
    14735 : 0d16;
    14736 : 0d18;
    14737 : 0d1b;
    14738 : 0d1d;
    14739 : 0d20;
    14740 : 0d22;
    14741 : 0d25;
    14742 : 0d28;
    14743 : 0d2a;
    14744 : 0d2d;
    14745 : 0d2f;
    14746 : 0d32;
    14747 : 0d34;
    14748 : 0d37;
    14749 : 0d39;
    14750 : 0d3c;
    14751 : 0d3e;
    14752 : 0d41;
    14753 : 0d43;
    14754 : 0d46;
    14755 : 0d49;
    14756 : 0d4b;
    14757 : 0d4e;
    14758 : 0d50;
    14759 : 0d53;
    14760 : 0d55;
    14761 : 0d58;
    14762 : 0d5a;
    14763 : 0d5d;
    14764 : 0d60;
    14765 : 0d62;
    14766 : 0d65;
    14767 : 0d67;
    14768 : 0d6a;
    14769 : 0d6c;
    14770 : 0d6f;
    14771 : 0d71;
    14772 : 0d74;
    14773 : 0d77;
    14774 : 0d79;
    14775 : 0d7c;
    14776 : 0d7e;
    14777 : 0d81;
    14778 : 0d83;
    14779 : 0d86;
    14780 : 0d88;
    14781 : 0d8b;
    14782 : 0d8e;
    14783 : 0d90;
    14784 : 0d93;
    14785 : 0d95;
    14786 : 0d98;
    14787 : 0d9a;
    14788 : 0d9d;
    14789 : 0da0;
    14790 : 0da2;
    14791 : 0da5;
    14792 : 0da7;
    14793 : 0daa;
    14794 : 0dac;
    14795 : 0daf;
    14796 : 0db2;
    14797 : 0db4;
    14798 : 0db7;
    14799 : 0db9;
    14800 : 0dbc;
    14801 : 0dbf;
    14802 : 0dc1;
    14803 : 0dc4;
    14804 : 0dc6;
    14805 : 0dc9;
    14806 : 0dcb;
    14807 : 0dce;
    14808 : 0dd1;
    14809 : 0dd3;
    14810 : 0dd6;
    14811 : 0dd8;
    14812 : 0ddb;
    14813 : 0dde;
    14814 : 0de0;
    14815 : 0de3;
    14816 : 0de5;
    14817 : 0de8;
    14818 : 0dea;
    14819 : 0ded;
    14820 : 0df0;
    14821 : 0df2;
    14822 : 0df5;
    14823 : 0df7;
    14824 : 0dfa;
    14825 : 0dfd;
    14826 : 0dff;
    14827 : 0e02;
    14828 : 0e04;
    14829 : 0e07;
    14830 : 0e0a;
    14831 : 0e0c;
    14832 : 0e0f;
    14833 : 0e11;
    14834 : 0e14;
    14835 : 0e17;
    14836 : 0e19;
    14837 : 0e1c;
    14838 : 0e1e;
    14839 : 0e21;
    14840 : 0e24;
    14841 : 0e26;
    14842 : 0e29;
    14843 : 0e2b;
    14844 : 0e2e;
    14845 : 0e31;
    14846 : 0e33;
    14847 : 0e36;
    14848 : 0e39;
    14849 : 0e3b;
    14850 : 0e3e;
    14851 : 0e40;
    14852 : 0e43;
    14853 : 0e46;
    14854 : 0e48;
    14855 : 0e4b;
    14856 : 0e4d;
    14857 : 0e50;
    14858 : 0e53;
    14859 : 0e55;
    14860 : 0e58;
    14861 : 0e5b;
    14862 : 0e5d;
    14863 : 0e60;
    14864 : 0e62;
    14865 : 0e65;
    14866 : 0e68;
    14867 : 0e6a;
    14868 : 0e6d;
    14869 : 0e70;
    14870 : 0e72;
    14871 : 0e75;
    14872 : 0e77;
    14873 : 0e7a;
    14874 : 0e7d;
    14875 : 0e7f;
    14876 : 0e82;
    14877 : 0e85;
    14878 : 0e87;
    14879 : 0e8a;
    14880 : 0e8c;
    14881 : 0e8f;
    14882 : 0e92;
    14883 : 0e94;
    14884 : 0e97;
    14885 : 0e9a;
    14886 : 0e9c;
    14887 : 0e9f;
    14888 : 0ea2;
    14889 : 0ea4;
    14890 : 0ea7;
    14891 : 0ea9;
    14892 : 0eac;
    14893 : 0eaf;
    14894 : 0eb1;
    14895 : 0eb4;
    14896 : 0eb7;
    14897 : 0eb9;
    14898 : 0ebc;
    14899 : 0ebf;
    14900 : 0ec1;
    14901 : 0ec4;
    14902 : 0ec7;
    14903 : 0ec9;
    14904 : 0ecc;
    14905 : 0ecf;
    14906 : 0ed1;
    14907 : 0ed4;
    14908 : 0ed6;
    14909 : 0ed9;
    14910 : 0edc;
    14911 : 0ede;
    14912 : 0ee1;
    14913 : 0ee4;
    14914 : 0ee6;
    14915 : 0ee9;
    14916 : 0eec;
    14917 : 0eee;
    14918 : 0ef1;
    14919 : 0ef4;
    14920 : 0ef6;
    14921 : 0ef9;
    14922 : 0efc;
    14923 : 0efe;
    14924 : 0f01;
    14925 : 0f04;
    14926 : 0f06;
    14927 : 0f09;
    14928 : 0f0c;
    14929 : 0f0e;
    14930 : 0f11;
    14931 : 0f14;
    14932 : 0f16;
    14933 : 0f19;
    14934 : 0f1c;
    14935 : 0f1e;
    14936 : 0f21;
    14937 : 0f24;
    14938 : 0f26;
    14939 : 0f29;
    14940 : 0f2c;
    14941 : 0f2e;
    14942 : 0f31;
    14943 : 0f34;
    14944 : 0f36;
    14945 : 0f39;
    14946 : 0f3c;
    14947 : 0f3e;
    14948 : 0f41;
    14949 : 0f44;
    14950 : 0f46;
    14951 : 0f49;
    14952 : 0f4c;
    14953 : 0f4e;
    14954 : 0f51;
    14955 : 0f54;
    14956 : 0f56;
    14957 : 0f59;
    14958 : 0f5c;
    14959 : 0f5f;
    14960 : 0f61;
    14961 : 0f64;
    14962 : 0f67;
    14963 : 0f69;
    14964 : 0f6c;
    14965 : 0f6f;
    14966 : 0f71;
    14967 : 0f74;
    14968 : 0f77;
    14969 : 0f79;
    14970 : 0f7c;
    14971 : 0f7f;
    14972 : 0f81;
    14973 : 0f84;
    14974 : 0f87;
    14975 : 0f8a;
    14976 : 0f8c;
    14977 : 0f8f;
    14978 : 0f92;
    14979 : 0f94;
    14980 : 0f97;
    14981 : 0f9a;
    14982 : 0f9c;
    14983 : 0f9f;
    14984 : 0fa2;
    14985 : 0fa5;
    14986 : 0fa7;
    14987 : 0faa;
    14988 : 0fad;
    14989 : 0faf;
    14990 : 0fb2;
    14991 : 0fb5;
    14992 : 0fb7;
    14993 : 0fba;
    14994 : 0fbd;
    14995 : 0fc0;
    14996 : 0fc2;
    14997 : 0fc5;
    14998 : 0fc8;
    14999 : 0fca;
    15000 : 0fcd;
    15001 : 0fd0;
    15002 : 0fd2;
    15003 : 0fd5;
    15004 : 0fd8;
    15005 : 0fdb;
    15006 : 0fdd;
    15007 : 0fe0;
    15008 : 0fe3;
    15009 : 0fe5;
    15010 : 0fe8;
    15011 : 0feb;
    15012 : 0fee;
    15013 : 0ff0;
    15014 : 0ff3;
    15015 : 0ff6;
    15016 : 0ff8;
    15017 : 0ffb;
    15018 : 0ffe;
    15019 : 1001;
    15020 : 1003;
    15021 : 1006;
    15022 : 1009;
    15023 : 100c;
    15024 : 100e;
    15025 : 1011;
    15026 : 1014;
    15027 : 1016;
    15028 : 1019;
    15029 : 101c;
    15030 : 101f;
    15031 : 1021;
    15032 : 1024;
    15033 : 1027;
    15034 : 102a;
    15035 : 102c;
    15036 : 102f;
    15037 : 1032;
    15038 : 1034;
    15039 : 1037;
    15040 : 103a;
    15041 : 103d;
    15042 : 103f;
    15043 : 1042;
    15044 : 1045;
    15045 : 1048;
    15046 : 104a;
    15047 : 104d;
    15048 : 1050;
    15049 : 1053;
    15050 : 1055;
    15051 : 1058;
    15052 : 105b;
    15053 : 105e;
    15054 : 1060;
    15055 : 1063;
    15056 : 1066;
    15057 : 1068;
    15058 : 106b;
    15059 : 106e;
    15060 : 1071;
    15061 : 1073;
    15062 : 1076;
    15063 : 1079;
    15064 : 107c;
    15065 : 107e;
    15066 : 1081;
    15067 : 1084;
    15068 : 1087;
    15069 : 1089;
    15070 : 108c;
    15071 : 108f;
    15072 : 1092;
    15073 : 1094;
    15074 : 1097;
    15075 : 109a;
    15076 : 109d;
    15077 : 109f;
    15078 : 10a2;
    15079 : 10a5;
    15080 : 10a8;
    15081 : 10aa;
    15082 : 10ad;
    15083 : 10b0;
    15084 : 10b3;
    15085 : 10b6;
    15086 : 10b8;
    15087 : 10bb;
    15088 : 10be;
    15089 : 10c1;
    15090 : 10c3;
    15091 : 10c6;
    15092 : 10c9;
    15093 : 10cc;
    15094 : 10ce;
    15095 : 10d1;
    15096 : 10d4;
    15097 : 10d7;
    15098 : 10d9;
    15099 : 10dc;
    15100 : 10df;
    15101 : 10e2;
    15102 : 10e5;
    15103 : 10e7;
    15104 : 10ea;
    15105 : 10ed;
    15106 : 10f0;
    15107 : 10f2;
    15108 : 10f5;
    15109 : 10f8;
    15110 : 10fb;
    15111 : 10fd;
    15112 : 1100;
    15113 : 1103;
    15114 : 1106;
    15115 : 1109;
    15116 : 110b;
    15117 : 110e;
    15118 : 1111;
    15119 : 1114;
    15120 : 1116;
    15121 : 1119;
    15122 : 111c;
    15123 : 111f;
    15124 : 1122;
    15125 : 1124;
    15126 : 1127;
    15127 : 112a;
    15128 : 112d;
    15129 : 112f;
    15130 : 1132;
    15131 : 1135;
    15132 : 1138;
    15133 : 113b;
    15134 : 113d;
    15135 : 1140;
    15136 : 1143;
    15137 : 1146;
    15138 : 1149;
    15139 : 114b;
    15140 : 114e;
    15141 : 1151;
    15142 : 1154;
    15143 : 1157;
    15144 : 1159;
    15145 : 115c;
    15146 : 115f;
    15147 : 1162;
    15148 : 1164;
    15149 : 1167;
    15150 : 116a;
    15151 : 116d;
    15152 : 1170;
    15153 : 1172;
    15154 : 1175;
    15155 : 1178;
    15156 : 117b;
    15157 : 117e;
    15158 : 1180;
    15159 : 1183;
    15160 : 1186;
    15161 : 1189;
    15162 : 118c;
    15163 : 118e;
    15164 : 1191;
    15165 : 1194;
    15166 : 1197;
    15167 : 119a;
    15168 : 119d;
    15169 : 119f;
    15170 : 11a2;
    15171 : 11a5;
    15172 : 11a8;
    15173 : 11ab;
    15174 : 11ad;
    15175 : 11b0;
    15176 : 11b3;
    15177 : 11b6;
    15178 : 11b9;
    15179 : 11bb;
    15180 : 11be;
    15181 : 11c1;
    15182 : 11c4;
    15183 : 11c7;
    15184 : 11c9;
    15185 : 11cc;
    15186 : 11cf;
    15187 : 11d2;
    15188 : 11d5;
    15189 : 11d8;
    15190 : 11da;
    15191 : 11dd;
    15192 : 11e0;
    15193 : 11e3;
    15194 : 11e6;
    15195 : 11e8;
    15196 : 11eb;
    15197 : 11ee;
    15198 : 11f1;
    15199 : 11f4;
    15200 : 11f7;
    15201 : 11f9;
    15202 : 11fc;
    15203 : 11ff;
    15204 : 1202;
    15205 : 1205;
    15206 : 1208;
    15207 : 120a;
    15208 : 120d;
    15209 : 1210;
    15210 : 1213;
    15211 : 1216;
    15212 : 1218;
    15213 : 121b;
    15214 : 121e;
    15215 : 1221;
    15216 : 1224;
    15217 : 1227;
    15218 : 1229;
    15219 : 122c;
    15220 : 122f;
    15221 : 1232;
    15222 : 1235;
    15223 : 1238;
    15224 : 123a;
    15225 : 123d;
    15226 : 1240;
    15227 : 1243;
    15228 : 1246;
    15229 : 1249;
    15230 : 124c;
    15231 : 124e;
    15232 : 1251;
    15233 : 1254;
    15234 : 1257;
    15235 : 125a;
    15236 : 125d;
    15237 : 125f;
    15238 : 1262;
    15239 : 1265;
    15240 : 1268;
    15241 : 126b;
    15242 : 126e;
    15243 : 1270;
    15244 : 1273;
    15245 : 1276;
    15246 : 1279;
    15247 : 127c;
    15248 : 127f;
    15249 : 1282;
    15250 : 1284;
    15251 : 1287;
    15252 : 128a;
    15253 : 128d;
    15254 : 1290;
    15255 : 1293;
    15256 : 1295;
    15257 : 1298;
    15258 : 129b;
    15259 : 129e;
    15260 : 12a1;
    15261 : 12a4;
    15262 : 12a7;
    15263 : 12a9;
    15264 : 12ac;
    15265 : 12af;
    15266 : 12b2;
    15267 : 12b5;
    15268 : 12b8;
    15269 : 12bb;
    15270 : 12bd;
    15271 : 12c0;
    15272 : 12c3;
    15273 : 12c6;
    15274 : 12c9;
    15275 : 12cc;
    15276 : 12cf;
    15277 : 12d1;
    15278 : 12d4;
    15279 : 12d7;
    15280 : 12da;
    15281 : 12dd;
    15282 : 12e0;
    15283 : 12e3;
    15284 : 12e6;
    15285 : 12e8;
    15286 : 12eb;
    15287 : 12ee;
    15288 : 12f1;
    15289 : 12f4;
    15290 : 12f7;
    15291 : 12fa;
    15292 : 12fc;
    15293 : 12ff;
    15294 : 1302;
    15295 : 1305;
    15296 : 1308;
    15297 : 130b;
    15298 : 130e;
    15299 : 1311;
    15300 : 1313;
    15301 : 1316;
    15302 : 1319;
    15303 : 131c;
    15304 : 131f;
    15305 : 1322;
    15306 : 1325;
    15307 : 1328;
    15308 : 132a;
    15309 : 132d;
    15310 : 1330;
    15311 : 1333;
    15312 : 1336;
    15313 : 1339;
    15314 : 133c;
    15315 : 133f;
    15316 : 1342;
    15317 : 1344;
    15318 : 1347;
    15319 : 134a;
    15320 : 134d;
    15321 : 1350;
    15322 : 1353;
    15323 : 1356;
    15324 : 1359;
    15325 : 135b;
    15326 : 135e;
    15327 : 1361;
    15328 : 1364;
    15329 : 1367;
    15330 : 136a;
    15331 : 136d;
    15332 : 1370;
    15333 : 1373;
    15334 : 1375;
    15335 : 1378;
    15336 : 137b;
    15337 : 137e;
    15338 : 1381;
    15339 : 1384;
    15340 : 1387;
    15341 : 138a;
    15342 : 138d;
    15343 : 138f;
    15344 : 1392;
    15345 : 1395;
    15346 : 1398;
    15347 : 139b;
    15348 : 139e;
    15349 : 13a1;
    15350 : 13a4;
    15351 : 13a7;
    15352 : 13aa;
    15353 : 13ac;
    15354 : 13af;
    15355 : 13b2;
    15356 : 13b5;
    15357 : 13b8;
    15358 : 13bb;
    15359 : 13be;
    15360 : 13c1;
    15361 : 13c4;
    15362 : 13c7;
    15363 : 13c9;
    15364 : 13cc;
    15365 : 13cf;
    15366 : 13d2;
    15367 : 13d5;
    15368 : 13d8;
    15369 : 13db;
    15370 : 13de;
    15371 : 13e1;
    15372 : 13e4;
    15373 : 13e7;
    15374 : 13e9;
    15375 : 13ec;
    15376 : 13ef;
    15377 : 13f2;
    15378 : 13f5;
    15379 : 13f8;
    15380 : 13fb;
    15381 : 13fe;
    15382 : 1401;
    15383 : 1404;
    15384 : 1407;
    15385 : 1409;
    15386 : 140c;
    15387 : 140f;
    15388 : 1412;
    15389 : 1415;
    15390 : 1418;
    15391 : 141b;
    15392 : 141e;
    15393 : 1421;
    15394 : 1424;
    15395 : 1427;
    15396 : 142a;
    15397 : 142c;
    15398 : 142f;
    15399 : 1432;
    15400 : 1435;
    15401 : 1438;
    15402 : 143b;
    15403 : 143e;
    15404 : 1441;
    15405 : 1444;
    15406 : 1447;
    15407 : 144a;
    15408 : 144d;
    15409 : 1450;
    15410 : 1452;
    15411 : 1455;
    15412 : 1458;
    15413 : 145b;
    15414 : 145e;
    15415 : 1461;
    15416 : 1464;
    15417 : 1467;
    15418 : 146a;
    15419 : 146d;
    15420 : 1470;
    15421 : 1473;
    15422 : 1476;
    15423 : 1478;
    15424 : 147b;
    15425 : 147e;
    15426 : 1481;
    15427 : 1484;
    15428 : 1487;
    15429 : 148a;
    15430 : 148d;
    15431 : 1490;
    15432 : 1493;
    15433 : 1496;
    15434 : 1499;
    15435 : 149c;
    15436 : 149f;
    15437 : 14a2;
    15438 : 14a4;
    15439 : 14a7;
    15440 : 14aa;
    15441 : 14ad;
    15442 : 14b0;
    15443 : 14b3;
    15444 : 14b6;
    15445 : 14b9;
    15446 : 14bc;
    15447 : 14bf;
    15448 : 14c2;
    15449 : 14c5;
    15450 : 14c8;
    15451 : 14cb;
    15452 : 14ce;
    15453 : 14d1;
    15454 : 14d4;
    15455 : 14d6;
    15456 : 14d9;
    15457 : 14dc;
    15458 : 14df;
    15459 : 14e2;
    15460 : 14e5;
    15461 : 14e8;
    15462 : 14eb;
    15463 : 14ee;
    15464 : 14f1;
    15465 : 14f4;
    15466 : 14f7;
    15467 : 14fa;
    15468 : 14fd;
    15469 : 1500;
    15470 : 1503;
    15471 : 1506;
    15472 : 1509;
    15473 : 150c;
    15474 : 150e;
    15475 : 1511;
    15476 : 1514;
    15477 : 1517;
    15478 : 151a;
    15479 : 151d;
    15480 : 1520;
    15481 : 1523;
    15482 : 1526;
    15483 : 1529;
    15484 : 152c;
    15485 : 152f;
    15486 : 1532;
    15487 : 1535;
    15488 : 1538;
    15489 : 153b;
    15490 : 153e;
    15491 : 1541;
    15492 : 1544;
    15493 : 1547;
    15494 : 154a;
    15495 : 154d;
    15496 : 1550;
    15497 : 1553;
    15498 : 1555;
    15499 : 1558;
    15500 : 155b;
    15501 : 155e;
    15502 : 1561;
    15503 : 1564;
    15504 : 1567;
    15505 : 156a;
    15506 : 156d;
    15507 : 1570;
    15508 : 1573;
    15509 : 1576;
    15510 : 1579;
    15511 : 157c;
    15512 : 157f;
    15513 : 1582;
    15514 : 1585;
    15515 : 1588;
    15516 : 158b;
    15517 : 158e;
    15518 : 1591;
    15519 : 1594;
    15520 : 1597;
    15521 : 159a;
    15522 : 159d;
    15523 : 15a0;
    15524 : 15a3;
    15525 : 15a6;
    15526 : 15a9;
    15527 : 15ac;
    15528 : 15ae;
    15529 : 15b1;
    15530 : 15b4;
    15531 : 15b7;
    15532 : 15ba;
    15533 : 15bd;
    15534 : 15c0;
    15535 : 15c3;
    15536 : 15c6;
    15537 : 15c9;
    15538 : 15cc;
    15539 : 15cf;
    15540 : 15d2;
    15541 : 15d5;
    15542 : 15d8;
    15543 : 15db;
    15544 : 15de;
    15545 : 15e1;
    15546 : 15e4;
    15547 : 15e7;
    15548 : 15ea;
    15549 : 15ed;
    15550 : 15f0;
    15551 : 15f3;
    15552 : 15f6;
    15553 : 15f9;
    15554 : 15fc;
    15555 : 15ff;
    15556 : 1602;
    15557 : 1605;
    15558 : 1608;
    15559 : 160b;
    15560 : 160e;
    15561 : 1611;
    15562 : 1614;
    15563 : 1617;
    15564 : 161a;
    15565 : 161d;
    15566 : 1620;
    15567 : 1623;
    15568 : 1626;
    15569 : 1629;
    15570 : 162c;
    15571 : 162f;
    15572 : 1632;
    15573 : 1635;
    15574 : 1638;
    15575 : 163b;
    15576 : 163e;
    15577 : 1641;
    15578 : 1644;
    15579 : 1647;
    15580 : 164a;
    15581 : 164d;
    15582 : 1650;
    15583 : 1653;
    15584 : 1656;
    15585 : 1659;
    15586 : 165c;
    15587 : 165f;
    15588 : 1662;
    15589 : 1665;
    15590 : 1668;
    15591 : 166b;
    15592 : 166e;
    15593 : 1671;
    15594 : 1674;
    15595 : 1677;
    15596 : 167a;
    15597 : 167d;
    15598 : 1680;
    15599 : 1683;
    15600 : 1686;
    15601 : 1689;
    15602 : 168c;
    15603 : 168f;
    15604 : 1692;
    15605 : 1695;
    15606 : 1698;
    15607 : 169b;
    15608 : 169e;
    15609 : 16a1;
    15610 : 16a4;
    15611 : 16a7;
    15612 : 16aa;
    15613 : 16ad;
    15614 : 16b0;
    15615 : 16b3;
    15616 : 16b6;
    15617 : 16b9;
    15618 : 16bc;
    15619 : 16bf;
    15620 : 16c2;
    15621 : 16c5;
    15622 : 16c8;
    15623 : 16cb;
    15624 : 16ce;
    15625 : 16d1;
    15626 : 16d4;
    15627 : 16d7;
    15628 : 16da;
    15629 : 16dd;
    15630 : 16e0;
    15631 : 16e3;
    15632 : 16e6;
    15633 : 16e9;
    15634 : 16ec;
    15635 : 16ef;
    15636 : 16f2;
    15637 : 16f5;
    15638 : 16f8;
    15639 : 16fb;
    15640 : 16fe;
    15641 : 1701;
    15642 : 1704;
    15643 : 1707;
    15644 : 170a;
    15645 : 170d;
    15646 : 1710;
    15647 : 1713;
    15648 : 1716;
    15649 : 1719;
    15650 : 171c;
    15651 : 171f;
    15652 : 1722;
    15653 : 1725;
    15654 : 1728;
    15655 : 172b;
    15656 : 172e;
    15657 : 1731;
    15658 : 1734;
    15659 : 1737;
    15660 : 173a;
    15661 : 173d;
    15662 : 1740;
    15663 : 1743;
    15664 : 1746;
    15665 : 1749;
    15666 : 174c;
    15667 : 174f;
    15668 : 1752;
    15669 : 1755;
    15670 : 1758;
    15671 : 175b;
    15672 : 175f;
    15673 : 1762;
    15674 : 1765;
    15675 : 1768;
    15676 : 176b;
    15677 : 176e;
    15678 : 1771;
    15679 : 1774;
    15680 : 1777;
    15681 : 177a;
    15682 : 177d;
    15683 : 1780;
    15684 : 1783;
    15685 : 1786;
    15686 : 1789;
    15687 : 178c;
    15688 : 178f;
    15689 : 1792;
    15690 : 1795;
    15691 : 1798;
    15692 : 179b;
    15693 : 179e;
    15694 : 17a1;
    15695 : 17a4;
    15696 : 17a7;
    15697 : 17aa;
    15698 : 17ad;
    15699 : 17b0;
    15700 : 17b3;
    15701 : 17b6;
    15702 : 17b9;
    15703 : 17bc;
    15704 : 17bf;
    15705 : 17c3;
    15706 : 17c6;
    15707 : 17c9;
    15708 : 17cc;
    15709 : 17cf;
    15710 : 17d2;
    15711 : 17d5;
    15712 : 17d8;
    15713 : 17db;
    15714 : 17de;
    15715 : 17e1;
    15716 : 17e4;
    15717 : 17e7;
    15718 : 17ea;
    15719 : 17ed;
    15720 : 17f0;
    15721 : 17f3;
    15722 : 17f6;
    15723 : 17f9;
    15724 : 17fc;
    15725 : 17ff;
    15726 : 1802;
    15727 : 1805;
    15728 : 1808;
    15729 : 180b;
    15730 : 180e;
    15731 : 1812;
    15732 : 1815;
    15733 : 1818;
    15734 : 181b;
    15735 : 181e;
    15736 : 1821;
    15737 : 1824;
    15738 : 1827;
    15739 : 182a;
    15740 : 182d;
    15741 : 1830;
    15742 : 1833;
    15743 : 1836;
    15744 : 1839;
    15745 : 183c;
    15746 : 183f;
    15747 : 1842;
    15748 : 1845;
    15749 : 1848;
    15750 : 184b;
    15751 : 184e;
    15752 : 1852;
    15753 : 1855;
    15754 : 1858;
    15755 : 185b;
    15756 : 185e;
    15757 : 1861;
    15758 : 1864;
    15759 : 1867;
    15760 : 186a;
    15761 : 186d;
    15762 : 1870;
    15763 : 1873;
    15764 : 1876;
    15765 : 1879;
    15766 : 187c;
    15767 : 187f;
    15768 : 1882;
    15769 : 1885;
    15770 : 1888;
    15771 : 188c;
    15772 : 188f;
    15773 : 1892;
    15774 : 1895;
    15775 : 1898;
    15776 : 189b;
    15777 : 189e;
    15778 : 18a1;
    15779 : 18a4;
    15780 : 18a7;
    15781 : 18aa;
    15782 : 18ad;
    15783 : 18b0;
    15784 : 18b3;
    15785 : 18b6;
    15786 : 18b9;
    15787 : 18bc;
    15788 : 18bf;
    15789 : 18c3;
    15790 : 18c6;
    15791 : 18c9;
    15792 : 18cc;
    15793 : 18cf;
    15794 : 18d2;
    15795 : 18d5;
    15796 : 18d8;
    15797 : 18db;
    15798 : 18de;
    15799 : 18e1;
    15800 : 18e4;
    15801 : 18e7;
    15802 : 18ea;
    15803 : 18ed;
    15804 : 18f0;
    15805 : 18f4;
    15806 : 18f7;
    15807 : 18fa;
    15808 : 18fd;
    15809 : 1900;
    15810 : 1903;
    15811 : 1906;
    15812 : 1909;
    15813 : 190c;
    15814 : 190f;
    15815 : 1912;
    15816 : 1915;
    15817 : 1918;
    15818 : 191b;
    15819 : 191e;
    15820 : 1922;
    15821 : 1925;
    15822 : 1928;
    15823 : 192b;
    15824 : 192e;
    15825 : 1931;
    15826 : 1934;
    15827 : 1937;
    15828 : 193a;
    15829 : 193d;
    15830 : 1940;
    15831 : 1943;
    15832 : 1946;
    15833 : 1949;
    15834 : 194d;
    15835 : 1950;
    15836 : 1953;
    15837 : 1956;
    15838 : 1959;
    15839 : 195c;
    15840 : 195f;
    15841 : 1962;
    15842 : 1965;
    15843 : 1968;
    15844 : 196b;
    15845 : 196e;
    15846 : 1971;
    15847 : 1974;
    15848 : 1978;
    15849 : 197b;
    15850 : 197e;
    15851 : 1981;
    15852 : 1984;
    15853 : 1987;
    15854 : 198a;
    15855 : 198d;
    15856 : 1990;
    15857 : 1993;
    15858 : 1996;
    15859 : 1999;
    15860 : 199c;
    15861 : 19a0;
    15862 : 19a3;
    15863 : 19a6;
    15864 : 19a9;
    15865 : 19ac;
    15866 : 19af;
    15867 : 19b2;
    15868 : 19b5;
    15869 : 19b8;
    15870 : 19bb;
    15871 : 19be;
    15872 : 19c1;
    15873 : 19c4;
    15874 : 19c8;
    15875 : 19cb;
    15876 : 19ce;
    15877 : 19d1;
    15878 : 19d4;
    15879 : 19d7;
    15880 : 19da;
    15881 : 19dd;
    15882 : 19e0;
    15883 : 19e3;
    15884 : 19e6;
    15885 : 19e9;
    15886 : 19ed;
    15887 : 19f0;
    15888 : 19f3;
    15889 : 19f6;
    15890 : 19f9;
    15891 : 19fc;
    15892 : 19ff;
    15893 : 1a02;
    15894 : 1a05;
    15895 : 1a08;
    15896 : 1a0b;
    15897 : 1a0f;
    15898 : 1a12;
    15899 : 1a15;
    15900 : 1a18;
    15901 : 1a1b;
    15902 : 1a1e;
    15903 : 1a21;
    15904 : 1a24;
    15905 : 1a27;
    15906 : 1a2a;
    15907 : 1a2d;
    15908 : 1a30;
    15909 : 1a34;
    15910 : 1a37;
    15911 : 1a3a;
    15912 : 1a3d;
    15913 : 1a40;
    15914 : 1a43;
    15915 : 1a46;
    15916 : 1a49;
    15917 : 1a4c;
    15918 : 1a4f;
    15919 : 1a52;
    15920 : 1a56;
    15921 : 1a59;
    15922 : 1a5c;
    15923 : 1a5f;
    15924 : 1a62;
    15925 : 1a65;
    15926 : 1a68;
    15927 : 1a6b;
    15928 : 1a6e;
    15929 : 1a71;
    15930 : 1a74;
    15931 : 1a78;
    15932 : 1a7b;
    15933 : 1a7e;
    15934 : 1a81;
    15935 : 1a84;
    15936 : 1a87;
    15937 : 1a8a;
    15938 : 1a8d;
    15939 : 1a90;
    15940 : 1a93;
    15941 : 1a97;
    15942 : 1a9a;
    15943 : 1a9d;
    15944 : 1aa0;
    15945 : 1aa3;
    15946 : 1aa6;
    15947 : 1aa9;
    15948 : 1aac;
    15949 : 1aaf;
    15950 : 1ab2;
    15951 : 1ab6;
    15952 : 1ab9;
    15953 : 1abc;
    15954 : 1abf;
    15955 : 1ac2;
    15956 : 1ac5;
    15957 : 1ac8;
    15958 : 1acb;
    15959 : 1ace;
    15960 : 1ad1;
    15961 : 1ad5;
    15962 : 1ad8;
    15963 : 1adb;
    15964 : 1ade;
    15965 : 1ae1;
    15966 : 1ae4;
    15967 : 1ae7;
    15968 : 1aea;
    15969 : 1aed;
    15970 : 1af0;
    15971 : 1af4;
    15972 : 1af7;
    15973 : 1afa;
    15974 : 1afd;
    15975 : 1b00;
    15976 : 1b03;
    15977 : 1b06;
    15978 : 1b09;
    15979 : 1b0c;
    15980 : 1b0f;
    15981 : 1b13;
    15982 : 1b16;
    15983 : 1b19;
    15984 : 1b1c;
    15985 : 1b1f;
    15986 : 1b22;
    15987 : 1b25;
    15988 : 1b28;
    15989 : 1b2b;
    15990 : 1b2e;
    15991 : 1b32;
    15992 : 1b35;
    15993 : 1b38;
    15994 : 1b3b;
    15995 : 1b3e;
    15996 : 1b41;
    15997 : 1b44;
    15998 : 1b47;
    15999 : 1b4a;
    16000 : 1b4e;
    16001 : 1b51;
    16002 : 1b54;
    16003 : 1b57;
    16004 : 1b5a;
    16005 : 1b5d;
    16006 : 1b60;
    16007 : 1b63;
    16008 : 1b66;
    16009 : 1b6a;
    16010 : 1b6d;
    16011 : 1b70;
    16012 : 1b73;
    16013 : 1b76;
    16014 : 1b79;
    16015 : 1b7c;
    16016 : 1b7f;
    16017 : 1b82;
    16018 : 1b86;
    16019 : 1b89;
    16020 : 1b8c;
    16021 : 1b8f;
    16022 : 1b92;
    16023 : 1b95;
    16024 : 1b98;
    16025 : 1b9b;
    16026 : 1b9e;
    16027 : 1ba2;
    16028 : 1ba5;
    16029 : 1ba8;
    16030 : 1bab;
    16031 : 1bae;
    16032 : 1bb1;
    16033 : 1bb4;
    16034 : 1bb7;
    16035 : 1bba;
    16036 : 1bbe;
    16037 : 1bc1;
    16038 : 1bc4;
    16039 : 1bc7;
    16040 : 1bca;
    16041 : 1bcd;
    16042 : 1bd0;
    16043 : 1bd3;
    16044 : 1bd6;
    16045 : 1bda;
    16046 : 1bdd;
    16047 : 1be0;
    16048 : 1be3;
    16049 : 1be6;
    16050 : 1be9;
    16051 : 1bec;
    16052 : 1bef;
    16053 : 1bf2;
    16054 : 1bf6;
    16055 : 1bf9;
    16056 : 1bfc;
    16057 : 1bff;
    16058 : 1c02;
    16059 : 1c05;
    16060 : 1c08;
    16061 : 1c0b;
    16062 : 1c0f;
    16063 : 1c12;
    16064 : 1c15;
    16065 : 1c18;
    16066 : 1c1b;
    16067 : 1c1e;
    16068 : 1c21;
    16069 : 1c24;
    16070 : 1c27;
    16071 : 1c2b;
    16072 : 1c2e;
    16073 : 1c31;
    16074 : 1c34;
    16075 : 1c37;
    16076 : 1c3a;
    16077 : 1c3d;
    16078 : 1c40;
    16079 : 1c44;
    16080 : 1c47;
    16081 : 1c4a;
    16082 : 1c4d;
    16083 : 1c50;
    16084 : 1c53;
    16085 : 1c56;
    16086 : 1c59;
    16087 : 1c5d;
    16088 : 1c60;
    16089 : 1c63;
    16090 : 1c66;
    16091 : 1c69;
    16092 : 1c6c;
    16093 : 1c6f;
    16094 : 1c72;
    16095 : 1c75;
    16096 : 1c79;
    16097 : 1c7c;
    16098 : 1c7f;
    16099 : 1c82;
    16100 : 1c85;
    16101 : 1c88;
    16102 : 1c8b;
    16103 : 1c8e;
    16104 : 1c92;
    16105 : 1c95;
    16106 : 1c98;
    16107 : 1c9b;
    16108 : 1c9e;
    16109 : 1ca1;
    16110 : 1ca4;
    16111 : 1ca7;
    16112 : 1cab;
    16113 : 1cae;
    16114 : 1cb1;
    16115 : 1cb4;
    16116 : 1cb7;
    16117 : 1cba;
    16118 : 1cbd;
    16119 : 1cc0;
    16120 : 1cc4;
    16121 : 1cc7;
    16122 : 1cca;
    16123 : 1ccd;
    16124 : 1cd0;
    16125 : 1cd3;
    16126 : 1cd6;
    16127 : 1cd9;
    16128 : 1cdd;
    16129 : 1ce0;
    16130 : 1ce3;
    16131 : 1ce6;
    16132 : 1ce9;
    16133 : 1cec;
    16134 : 1cef;
    16135 : 1cf2;
    16136 : 1cf6;
    16137 : 1cf9;
    16138 : 1cfc;
    16139 : 1cff;
    16140 : 1d02;
    16141 : 1d05;
    16142 : 1d08;
    16143 : 1d0b;
    16144 : 1d0f;
    16145 : 1d12;
    16146 : 1d15;
    16147 : 1d18;
    16148 : 1d1b;
    16149 : 1d1e;
    16150 : 1d21;
    16151 : 1d25;
    16152 : 1d28;
    16153 : 1d2b;
    16154 : 1d2e;
    16155 : 1d31;
    16156 : 1d34;
    16157 : 1d37;
    16158 : 1d3a;
    16159 : 1d3e;
    16160 : 1d41;
    16161 : 1d44;
    16162 : 1d47;
    16163 : 1d4a;
    16164 : 1d4d;
    16165 : 1d50;
    16166 : 1d53;
    16167 : 1d57;
    16168 : 1d5a;
    16169 : 1d5d;
    16170 : 1d60;
    16171 : 1d63;
    16172 : 1d66;
    16173 : 1d69;
    16174 : 1d6d;
    16175 : 1d70;
    16176 : 1d73;
    16177 : 1d76;
    16178 : 1d79;
    16179 : 1d7c;
    16180 : 1d7f;
    16181 : 1d82;
    16182 : 1d86;
    16183 : 1d89;
    16184 : 1d8c;
    16185 : 1d8f;
    16186 : 1d92;
    16187 : 1d95;
    16188 : 1d98;
    16189 : 1d9b;
    16190 : 1d9f;
    16191 : 1da2;
    16192 : 1da5;
    16193 : 1da8;
    16194 : 1dab;
    16195 : 1dae;
    16196 : 1db1;
    16197 : 1db5;
    16198 : 1db8;
    16199 : 1dbb;
    16200 : 1dbe;
    16201 : 1dc1;
    16202 : 1dc4;
    16203 : 1dc7;
    16204 : 1dca;
    16205 : 1dce;
    16206 : 1dd1;
    16207 : 1dd4;
    16208 : 1dd7;
    16209 : 1dda;
    16210 : 1ddd;
    16211 : 1de0;
    16212 : 1de4;
    16213 : 1de7;
    16214 : 1dea;
    16215 : 1ded;
    16216 : 1df0;
    16217 : 1df3;
    16218 : 1df6;
    16219 : 1dfa;
    16220 : 1dfd;
    16221 : 1e00;
    16222 : 1e03;
    16223 : 1e06;
    16224 : 1e09;
    16225 : 1e0c;
    16226 : 1e0f;
    16227 : 1e13;
    16228 : 1e16;
    16229 : 1e19;
    16230 : 1e1c;
    16231 : 1e1f;
    16232 : 1e22;
    16233 : 1e25;
    16234 : 1e29;
    16235 : 1e2c;
    16236 : 1e2f;
    16237 : 1e32;
    16238 : 1e35;
    16239 : 1e38;
    16240 : 1e3b;
    16241 : 1e3f;
    16242 : 1e42;
    16243 : 1e45;
    16244 : 1e48;
    16245 : 1e4b;
    16246 : 1e4e;
    16247 : 1e51;
    16248 : 1e54;
    16249 : 1e58;
    16250 : 1e5b;
    16251 : 1e5e;
    16252 : 1e61;
    16253 : 1e64;
    16254 : 1e67;
    16255 : 1e6a;
    16256 : 1e6e;
    16257 : 1e71;
    16258 : 1e74;
    16259 : 1e77;
    16260 : 1e7a;
    16261 : 1e7d;
    16262 : 1e80;
    16263 : 1e84;
    16264 : 1e87;
    16265 : 1e8a;
    16266 : 1e8d;
    16267 : 1e90;
    16268 : 1e93;
    16269 : 1e96;
    16270 : 1e99;
    16271 : 1e9d;
    16272 : 1ea0;
    16273 : 1ea3;
    16274 : 1ea6;
    16275 : 1ea9;
    16276 : 1eac;
    16277 : 1eaf;
    16278 : 1eb3;
    16279 : 1eb6;
    16280 : 1eb9;
    16281 : 1ebc;
    16282 : 1ebf;
    16283 : 1ec2;
    16284 : 1ec5;
    16285 : 1ec9;
    16286 : 1ecc;
    16287 : 1ecf;
    16288 : 1ed2;
    16289 : 1ed5;
    16290 : 1ed8;
    16291 : 1edb;
    16292 : 1edf;
    16293 : 1ee2;
    16294 : 1ee5;
    16295 : 1ee8;
    16296 : 1eeb;
    16297 : 1eee;
    16298 : 1ef1;
    16299 : 1ef5;
    16300 : 1ef8;
    16301 : 1efb;
    16302 : 1efe;
    16303 : 1f01;
    16304 : 1f04;
    16305 : 1f07;
    16306 : 1f0b;
    16307 : 1f0e;
    16308 : 1f11;
    16309 : 1f14;
    16310 : 1f17;
    16311 : 1f1a;
    16312 : 1f1d;
    16313 : 1f20;
    16314 : 1f24;
    16315 : 1f27;
    16316 : 1f2a;
    16317 : 1f2d;
    16318 : 1f30;
    16319 : 1f33;
    16320 : 1f36;
    16321 : 1f3a;
    16322 : 1f3d;
    16323 : 1f40;
    16324 : 1f43;
    16325 : 1f46;
    16326 : 1f49;
    16327 : 1f4c;
    16328 : 1f50;
    16329 : 1f53;
    16330 : 1f56;
    16331 : 1f59;
    16332 : 1f5c;
    16333 : 1f5f;
    16334 : 1f62;
    16335 : 1f66;
    16336 : 1f69;
    16337 : 1f6c;
    16338 : 1f6f;
    16339 : 1f72;
    16340 : 1f75;
    16341 : 1f78;
    16342 : 1f7c;
    16343 : 1f7f;
    16344 : 1f82;
    16345 : 1f85;
    16346 : 1f88;
    16347 : 1f8b;
    16348 : 1f8e;
    16349 : 1f92;
    16350 : 1f95;
    16351 : 1f98;
    16352 : 1f9b;
    16353 : 1f9e;
    16354 : 1fa1;
    16355 : 1fa4;
    16356 : 1fa8;
    16357 : 1fab;
    16358 : 1fae;
    16359 : 1fb1;
    16360 : 1fb4;
    16361 : 1fb7;
    16362 : 1fba;
    16363 : 1fbe;
    16364 : 1fc1;
    16365 : 1fc4;
    16366 : 1fc7;
    16367 : 1fca;
    16368 : 1fcd;
    16369 : 1fd0;
    16370 : 1fd4;
    16371 : 1fd7;
    16372 : 1fda;
    16373 : 1fdd;
    16374 : 1fe0;
    16375 : 1fe3;
    16376 : 1fe6;
    16377 : 1fea;
    16378 : 1fed;
    16379 : 1ff0;
    16380 : 1ff3;
    16381 : 1ff6;
    16382 : 1ff9;
    16383 : 1ffc;
END;
